
INSERT INTO `Role`(roleID, roleName, adminPermission,sellerPermission,customerPermission, status) VALUES (0, 'Customer', 0, 0, 1, 1);
INSERT INTO `Role`(roleID, roleName, adminPermission,sellerPermission,customerPermission,status) VALUES (1, 'Administrator',1, 1, 1, 1);
INSERT INTO `Role`(roleID, roleName, adminPermission,sellerPermission,customerPermission,status) VALUES (98, 'Tester',0, 0, 0, 1);



INSERT INTO User(username, password, email, phoneNumber, sell, wallet, fullname, publicName, address, profileImage, backgroundImage, occupation, gender, DOB, bio, Facebook, Instagram, Twitter, Youtube, activityPoint, systemRole, status)
VALUES ('Viet', '1000:5b42403563616438303836:6f4b2f2dbd24e2a8f5fbe7132c1b322093c82e29a270090b', 'viet@gmail.com', '0983586778', 1, 56000, 'Nguyen Dong Duc Viet','Golde', 'Hai Duong', 'defaultPicture.jpg','background_profile.jpg','SE', 1, '2001-08-28', 'Love animals', 'Nguyen Viet', 'ins', 'twt', 'yt', 1000, 1, 1);
INSERT INTO User(username, password, email, phoneNumber, sell, wallet, fullname, publicName, address, profileImage, backgroundImage, occupation, gender, DOB, bio, Facebook, Instagram, Twitter, Youtube, activityPoint, systemRole, status)
VALUES ('Quang', '1000:5b42403563616438303836:6f4b2f2dbd24e2a8f5fbe7132c1b322093c82e29a270090b', 'quangkm@gmail.com', '0927598368', 1, 60000, 'Khong Minh Quang','Quang', 'Ha Noi', 'defaultPicture.jpg','background_profile.jpg','SE', 1, '2001-07-17', 'Bookaholic', 'Minh Quang', 'ins', 'twt', 'yt', 2000, 1, 1);
INSERT INTO User(username, password, email, phoneNumber, sell, wallet, fullname, publicName, address, profileImage, backgroundImage, occupation, gender, DOB, bio, Facebook, Instagram, Twitter, Youtube, activityPoint, systemRole, status)
VALUES ('Hieu', '1000:5b42403563616438303836:6f4b2f2dbd24e2a8f5fbe7132c1b322093c82e29a270090b', 'hieult@gmail.com', '0938693856', 1, 80000, 'Le Trung Hieu','Hieu', 'HaNoi', 'defaultPicture.jpg','background_profile.jpg','SE', 1, '2001-06-20', 'Playing sport', 'Le Hieu', 'ins', 'twt', 'yt', 3000, 1, 1);
INSERT INTO User(username, password, email, phoneNumber, sell, wallet, fullname, publicName, address, profileImage, backgroundImage, occupation, gender, DOB, bio, Facebook, Instagram, Twitter, Youtube, activityPoint, systemRole, status)
VALUES ('Nam', '1000:5b42403563616438303836:6f4b2f2dbd24e2a8f5fbe7132c1b322093c82e29a270090b', 'namnhh@gmail.com', '0938576926', 1, 100000, 'Nguyen Huu Hai Nam','Nam', 'Ha Noi', 'defaultPicture.jpg','background_profile.jpg','SE', 1, '2001-06-10', 'Playing games', 'Nam Nguyen', 'ins', 'twt', 'yt', 1000, 1, 1);
INSERT INTO User(username, password, email, phoneNumber, sell, wallet, fullname, publicName, address, profileImage, backgroundImage, occupation, gender, DOB, bio, Facebook, Instagram, Twitter, Youtube, activityPoint, systemRole, status)
VALUES ('Thao', '1000:5b42403563616438303836:6f4b2f2dbd24e2a8f5fbe7132c1b322093c82e29a270090b', 'thaonp@gmail.com', '0983715937', 0, 90000, 'Nguyen Phuong Thao','Thao', 'Hai Phong','defaultPicture.jpg','background_profile.jpg','Seller', 0, '2001-09-20', 'Shopping', 'Thao Phuong', 'ins', 'twt', 'yt', 2000, 0, 1);
INSERT INTO User(username, password, email, phoneNumber, sell, wallet, fullname, publicName, address, profileImage, backgroundImage, occupation, gender, DOB, bio, Facebook, Instagram, Twitter, Youtube, activityPoint, systemRole, status)
VALUES ('Thinh', '1000:5b42403563616438303836:6f4b2f2dbd24e2a8f5fbe7132c1b322093c82e29a270090b', 'thinhvd@gmail.com', '0928673463', 1, 80000, 'Vu Duc Thinh', 'Thinh', 'Ha Noi', 'defaultPicture.jpg','background_profile.jpg','SE', 1, '2001-10-25', 'Gym', 'Vu Thinh', 'ins', 'twt', 'yt', 3000, 1, 1);
INSERT INTO User(username, password, email, phoneNumber, sell, wallet, fullname, publicName, address, profileImage, backgroundImage, occupation, gender, DOB, bio, Facebook, Instagram, Twitter, Youtube, activityPoint, systemRole, status)
VALUES ('Phuong', '1000:5b42403563616438303836:6f4b2f2dbd24e2a8f5fbe7132c1b322093c82e29a270090b', 'phuongnt@gmail.com', '0982768937', 0, 120000, 'Nguyen Thu Phuong',  'Phuong', 'TP HCM', 'defaultPicture.jpg','background_profile.jpg','Marketing', 0, '2001-3-16', 'Shopping', 'Thu Phuong', 'ins', 'twt', 'yt', 3000, 0, 1);
INSERT INTO User(username, password, email, phoneNumber, sell, wallet, fullname, publicName, address, profileImage, backgroundImage, occupation, gender, DOB, bio, Facebook, Instagram, Twitter, Youtube, activityPoint, systemRole, status)
VALUES ('G', '123456', 'asf@gmail.com', '0988907272', 0, 120000, 'Dong Viet',  'Viet', 'TP HCM', 'defaultPicture.jpg','background_profile.jpg','Tester', 0, '2001-3-16', 'Shopping', 'fb', 'ins', 'twt', 'yt', 3000, 0, 1);


-- Category
INSERT INTO Category(categoryName,status) VALUES ('Book', 1);
INSERT INTO Category(categoryName,status) VALUES ('Laptop', 1);
INSERT INTO Category(categoryName,status) VALUES ('Smartphone', 1);
INSERT INTO Category(categoryName,status) VALUES ('PC Components', 1);
INSERT INTO Category(categoryName,status) VALUES ('Gear', 1);
INSERT INTO Category(categoryName,status) VALUES ('Software', 1);


-- Seller
INSERT INTO Seller(userID, sellerShopName, sellerPhone, evidence, sellerMainProduct, description, sellerVerification, status) 
VALUES (1, 'Golde Shop Devenote', '0983586778', 'owner can sell everything', 1, 'Devenote', 1, 1);
INSERT INTO Seller(userID, sellerShopName, sellerPhone, evidence, sellerMainProduct, description, sellerVerification, status) 
VALUES (2, 'Chua nghi ra', '0927598368', 'owner can sell everything', 1, 'Khi nao nghi ra thi ban', 1, 1);
INSERT INTO Seller(userID, sellerShopName, sellerPhone, evidence, sellerMainProduct, description, sellerVerification, status) 
VALUES (3, 'Awwwwwww', '0938693856', 'owner can sell everything', 1, 'Chu shop dang yeu <3', 1, 1);
INSERT INTO Seller(userID, sellerShopName, sellerPhone, evidence, sellerMainProduct, description, sellerVerification, status) 
VALUES (4, 'Im lang', '0938576926', 'owner can sell everything', 1, 'Quite please', 1, 1);
INSERT INTO Seller(userID, sellerShopName, sellerPhone, evidence, sellerMainProduct, description, sellerVerification, status) 
VALUES (6, 'Ba con tuan loc', '0928673463', 'owner can sell everything', 1, 'Ong gia noel', 1, 1);


-- Genre
INSERT INTO Genre(genreName,categoryID,images,status)VALUES ('Technology',1,'1.png', 1);
INSERT INTO Genre(genreName,categoryID,images,status)VALUES ('Gaming ',2,'2.png', 1);
INSERT INTO Genre(genreName,categoryID,images,status)VALUES ('Business',2,'3.png', 1);
INSERT INTO Genre(genreName,categoryID,images,status)VALUES ('Macbook',2, '4.png',1);
INSERT INTO Genre(genreName,categoryID,images,status)VALUES ('Android',3,'5.png', 1);
INSERT INTO Genre(genreName,categoryID,images,status)VALUES ('IOS',3,'6.png', 1);
INSERT INTO Genre(genreName,categoryID,images,status)VALUES ('Xiaomi',3,'7.png', 1);
INSERT INTO Genre(genreName,categoryID,images,status)VALUES ('Mainboard',4,'8.png', 1);
INSERT INTO Genre(genreName,categoryID,images,status)VALUES ('CPU',4,'9.png', 1);
INSERT INTO Genre(genreName,categoryID,images,status)VALUES ('Ram',4,'10.png', 1);
INSERT INTO Genre(genreName,categoryID,images,status)VALUES ('SSD',4, '11.png',1);
INSERT INTO Genre(genreName,categoryID,images,status)VALUES ('Graphics Card',4,'12.png', 1);
INSERT INTO Genre(genreName,categoryID,images,status)VALUES ('Monitor',5, '13.png',1);
INSERT INTO Genre(genreName,categoryID,images,status)VALUES ('Keyboard',5, '14.png',1);
INSERT INTO Genre(genreName,categoryID,images,status)VALUES ('Mouse',5,'15.png', 1);
INSERT INTO Genre(genreName,categoryID,images,status)VALUES ('Headphone',5,'16.png', 1);
INSERT INTO Genre(genreName,categoryID,images,status)VALUES ('Gaming Chair',5,'17.png', 1);
INSERT INTO Genre(genreName,categoryID,images,status)VALUES ('Office',6, '18.png',1);
INSERT INTO Genre(genreName,categoryID,images,status)VALUES ('Game',6,'19.png', 1);
INSERT INTO Genre(genreName,categoryID,images,status)VALUES ('Other',6,'20.png', 1);


-- wareHouse
INSERT INTO Warehouse(wareHouseAddress,status)VALUES ('Dong Da', 1);
INSERT INTO Warehouse(wareHouseAddress,status)VALUES ('Quan 7',1);
INSERT INTO Warehouse(wareHouseAddress,status)VALUES ('Le Chan', 1);
INSERT INTO Warehouse(wareHouseAddress,status)VALUES ('Kim Thanh', 1);
INSERT INTO Warehouse(wareHouseAddress,status)VALUES ('Quan Thu Duc', 1);
INSERT INTO Warehouse(wareHouseAddress,status)VALUES ('Long Bien', 1);


-- Product
INSERT INTO Product(productName,description,rating,releaseDate,sellerID,status)VALUES ('Laptop Gaming MSI Katana GF66 11UC 676VN','Up to 40% more performance than the previous generation. More powerful than ever with an 8-core processor, dual-core turbo clock up to 4.6GHz helps maximize performance in handling games, business software and multitasking.',0,'2021-09-12',1, 1);
INSERT INTO Product(productName,description,rating,releaseDate,sellerID,status)VALUES ('Laptop Acer Aspire 3 A315 56 37DV','Powered by the latest Intel 10th Gen Ice Lake processors, a superfast SSD and a stunning Full HD display, the Acer Aspire 3 A315 56 37DV is a laptop that meets your work and entertainment needs within reach. attractive price.',0,'2021-09-12',1, 1);
INSERT INTO Product(productName,description,rating,releaseDate,sellerID,status)VALUES ('Laptop Asus Vivobook A415EA EB360T','Asus VivoBook A415EA laptop owns the latest 11th generation Core i5 processor, SSD hard drive smoothly handles office and entertainment tasks. Suitable for those who are looking for a laptop that has both stable performance and a thin and light design.',0,'2021-09-12',1, 1);
INSERT INTO Product(productName,description,rating,releaseDate,sellerID,status)VALUES ('Laptop gaming Acer Nitro 5 AN515 45 R3SM','Acer Nitro 5 2021 AN515 45 R3SM integrates the latest "weapons". Includes AMD Ryzen 5 5600H CPU, NVIDIA GeForce GTX 1650 VGA for powerful processing performance.',0,'2021-09-12',1, 1);
INSERT INTO Product(productName,description,rating,releaseDate,sellerID,status)VALUES ('Macbook Air 2020 M1 7GPU 8GB 256GB','This is the first MacBook Air and also the first Mac of Apple in the transition to ARM chip system.',0,'2020-08-20',1, 1);
INSERT INTO Product(productName,description,rating,releaseDate,sellerID,status)VALUES ('MacBook Pro 13 2020 M1 16GB 256GB Z11B000CT','The Apple M1 processor makes MacBook Pro faster and more powerful than ever. Even the 16GB RAM version delivers even more impressive performance, giving you large caches and high bandwidth to comfortably multitask with absolute efficiency.',0,'2020-08-20',1, 1);
INSERT INTO Product(productName,description,rating,releaseDate,sellerID,status)VALUES ('Laptop ASUS TUF Gaming F15 FX506LH HN002T','Packed with durability suitable for real-world tasks and gaming, ASUS TUF Gaming F15 FX506LI-HN039T is the Windows 10 Home gaming laptop that can help you win.',0,'2019-08-20',1, 1);
INSERT INTO Product(productName,description,rating,releaseDate,sellerID,status)VALUES ('Laptop Gaming MSI GF63 Thin 10SC 468VN','MSI Gaming GF63 inherits the highly appreciated design of its predecessor. Unique gaming design with traditional black color. The MSI Dragon "red dragon" logo stands out on the case, which is machined with scratched aluminum with bold gamers.',0,'2019-08-20',1, 1);
INSERT INTO Product(productName,description,rating,releaseDate,sellerID,status)VALUES ('Laptop Gaming Asus ROG Zephyrus G14 GA401QH HZ035T','Asus ROG Zephyrus G14 GA401QH HZ035T magnesium-aluminum alloy with honeycomb reinforcements keep the chassis strong and light.',0,'2018-09-30',1, 1);
INSERT INTO Product(productName,description,rating,releaseDate,sellerID,status)VALUES ('Laptop Gaming Acer Predator Helios 300 PH315 54 78W5','Acer Helios laptop line has always had a design tradition with a rugged, durable, gaming-like appearance. The chassis is neat and solid with impressive bevels on the screen border as well as the body. Gives an eye-catching and impressive look.',0,'2019-08-20',1, 1);
INSERT INTO Product(productName,description,rating,releaseDate,sellerID,status)VALUES ('Laptop gaming Lenovo Legion 5 15ACH6H 82JU00EXVN','The Legion 5 15ACH6H (82JU00EXVN) combines AMD 5000H and RTX 3000 CPU processing, ready for battle. Gaming laptop has super smooth 165Hz. Combined with 3D Nahimic sound that accurately identifies footsteps in space.',0,'2019-08-20',1, 1);
INSERT INTO Product(productName,description,rating,releaseDate,sellerID,status)VALUES ('Laptop MSI Stealth 15M A11SDK 061VN','Inspired by modern style, the new generation Stealth 15M is the thinnest and lightest 15-inch gaming laptop available in Carbon Gray and White.',0,'2018-09-30',1, 1);
INSERT INTO Product(productName,description,rating,releaseDate,sellerID,status)VALUES ('iPhone 12','In the last months of 2020, Apple has officially introduced to users as well as iFan the new generation of iPhone 12 series with a series of breakthrough features, completely redesigned design, powerful performance and one of them. That is the iPhone 12',0,'2020-11-20',3, 1);
INSERT INTO Product(productName,description,rating,releaseDate,sellerID,status)VALUES ('iPhone 12 Pro Max','iPhone 12 Pro Max 128 GB a super smartphone from Apple. The machine has a completely powerful performance that meets many needs from users and has a luxurious, square design.',0,'2020-11-20',3, 1);
INSERT INTO Product(productName,description,rating,releaseDate,sellerID,status)VALUES ('iPhone 12 Pro','iPhone 12 Pro - "Super technology product" with many powerful upgrades in design, configuration and performance, affirming the trendy level in the high-end smartphone market.',0,'2020-11-30',3, 1);
INSERT INTO Product(productName,description,rating,releaseDate,sellerID,status)VALUES ('iPhone 12 mini','Although iPhone 12 mini is the lowest version in the set of 4 iPhone 12 series, it still possesses outstanding advantages in terms of compact size, convenience, top performance, fast charging feature and high quality camera set.',0,'2020-11-20',3, 1);
INSERT INTO Product(productName,description,rating,releaseDate,sellerID,status)VALUES ('iPhone 11','In September 2019, Apple officially launched a trio of iPhone 11 super products, in which the 64GB iPhone 11 version has the cheapest price but is still upgraded as strongly as the iPhone XR launched before.',0,'2019-09-20',3, 1);
INSERT INTO Product(productName,description,rating,releaseDate,sellerID,status)VALUES ('iPhone XR','As an iPhone phone with a comfortable price, suitable for more customers, iPhone XR is still favored with a powerful Apple A12 chip, a notch screen and water resistance and dust resistance.',0,'2018-09-30',3, 1);
INSERT INTO Product(productName,description,rating,releaseDate,sellerID,status)VALUES ('iPhone SE','iPhone SE 2020 when it was released has satisfied millions of Apple followers. The device has an ultra-compact design like the iPhone 8, the A13 Bionic chip for great performance like the iPhone 11, but the iPhone SE 2020 has an unexpectedly good price.',0,'2020-08-20',3, 1);
INSERT INTO Product(productName,description,rating,releaseDate,sellerID,status)VALUES ('Samsung Galaxy Z Fold3','A fully upgraded phone in many aspects, especially this is the world first folding screen phone with a hidden camera.',0,'2021-5-20',3, 1);
INSERT INTO Product(productName,description,rating,releaseDate,sellerID,status)VALUES ('Samsung Galaxy Z Fold2','Galaxy Z Fold 2 is the official name of Samsung high-end folding screen phone. With many pioneering upgrades in design, performance and camera, it promises to be the next successful super product from the world''s largest phone maker.',0,'2021-5-30',3, 1);
INSERT INTO Product(productName,description,rating,releaseDate,sellerID,status)VALUES ('Samsung Galaxy A22','Samsung welcomes the summer of 2021 with the launch of the Galaxy A22 and Galaxy A22 5G duo with many impressive parameters. In particular, Galaxy A22 owns a productive battery, strong gaming performance and a large screen with good display.',0,'2021-08-20',3, 1);
INSERT INTO Product(productName,description,rating,releaseDate,sellerID,status)VALUES ('Samsung Galaxy S21 Ultra 5G','The class is conveyed by Samsung through the Galaxy S21 Ultra 5G smartphone with a series of upgrades and improvements not only in external appearance but also in internal strength, promising to fully meet the increasing needs of people use.',0,'2021-08-20',3, 1);
INSERT INTO Product(productName,description,rating,releaseDate,sellerID,status)VALUES ('Samsung Galaxy Note 20','In August 2020, Galaxy Note 20 was officially on the shelves, with the familiar mole front camera design, novel rectangular camera cluster along with Samsung Exynos 990 processor that will surely bring a new experience.',0,'2020-08-30',3, 1);
INSERT INTO Product(productName,description,rating,releaseDate,sellerID,status)VALUES ('OPPO Find X3 Pro 5G','OPPO has dominated the smartphone market with the launch of the OPPO Find X3 Pro 5G phone. This is a product with a unique design, possessing a huge camera cluster, top configuration in the Android world.',0,'2019-08-20',4, 1);
INSERT INTO Product(productName,description,rating,releaseDate,sellerID,status)VALUES ('OPPO Reno6 5G ','Not long after the launch of OPPO Reno5, OPPO has launched a new smartphone called OPPO Reno6 with a series of new improvements in both external appearance and internal performance, providing an outstanding user experience.',0,'2019-08-20',4, 1);
INSERT INTO Product(productName,description,rating,releaseDate,sellerID,status)VALUES ('OPPO A74','OPPO has always diversified its products from cheap to high-end. In particular, the OPPO A74 4G phone is located in the mid-range segment, which is remarkable with many features and the smartphone is also an upgrade of the previously launched OPPO A73.',0,'2019-08-20',4, 1);
INSERT INTO Product(productName,description,rating,releaseDate,sellerID,status)VALUES ('OPPO Reno5 5G','OPPO has launched the OPPO Reno5 5G version with super fast 5G internet connection to the market. The phone with a series of outstanding features and trendy appearance helps to enhance the luxury of the owner.',0,'2019-08-20',4, 1);
INSERT INTO Product(productName,description,rating,releaseDate,sellerID,status)VALUES ('OPPO Reno4 Pro','OPPO officially launched a smartphone called OPPO Reno4 Pro. The device is equipped with an extremely high-end configuration with Snapdragon 720G chip processor, an impressive set of 4 cameras up to 48 MP, and 65 W super fast charging technology.',0,'2019-08-20',4, 1);
INSERT INTO Product(productName,description,rating,releaseDate,sellerID,status)VALUES ('Xiaomi Mi 11 5G','Xiaomi Mi 11 is a super product from Xiaomi, it offers top performance experience with Qualcomm Snapdragon 888 processor, and a series of top-notch technologies, making anyone overwhelmed about this smartphone.',0,'2019-08-20',4, 1);
INSERT INTO Product(productName,description,rating,releaseDate,sellerID,status)VALUES ('Xiaomi Mi 10T Pro 5G','Mi 10T Pro 5G Xiaomi high-end smartphone model in 2020 was finally released with a series of "overwhelming" parameters: 144 Hz refresh rate screen, Snapdragon 865 processor and a huge 108 MP camera cluster with followed by a user-friendly price.',0,'2019-08-20',4, 1);
INSERT INTO Product(productName,description,rating,releaseDate,sellerID,status)VALUES ('Xiaomi POCO X3 NFC','Xiaomi launched Xiaomi POCO X3 NFC with many attractive features on a smartphone, quality camera cluster, powerful performance, huge battery capacity and outstanding 33 W fast charging.',0,'2019-08-20',4, 1);
INSERT INTO Product(productName,description,rating,releaseDate,sellerID,status)VALUES ('The Pragmatic Programmer – Andy Hunt','The Pragmatic Programmer is the best illustrated book of the pitfalls and different aspects of software development.',0,'2019-08-20',4, 1);
INSERT INTO Product(productName,description,rating,releaseDate,sellerID,status)VALUES ('The Design of Everyday Things – Donald A. Norman','The content of the book talks about how design acts as an interface between the audience and the user and how to optimize for the best user experience.',0,'2019-08-20',4, 1);
INSERT INTO Product(productName,description,rating,releaseDate,sellerID,status)VALUES ('Blockchain for Business','Written by three experts from IBM’s Enterprise Blockchain practice, this book educates readers on how to create, implement and operate blockchain-based solutions by providing them with practical steps. ',0,'2019-08-20',4, 1);
INSERT INTO Product(productName,description,rating,releaseDate,sellerID,status)VALUES ('The Cybersecurity Playbook','With more than 60% of businesses reporting cyber attacks in 2019, there’s a clear need for firms to take steps to protect themselves and their customers from hackers.',0,'2019-08-20',4, 1);
INSERT INTO Product(productName,description,rating,releaseDate,sellerID,status)VALUES ('Algorithms to Live By','Written by award-winning author Brian Christian and cognitive scientist Tom Griffiths, this book gives readers a fascinating insight into how computer algorithms can be applied in everyday life.',0,'2019-08-20',4, 1);
INSERT INTO Product(productName,description,rating,releaseDate,sellerID,status)VALUES ('Hands-On Artificial Intelligence for Cybersecurity','As cyber attacks continue to become more frequent and complex, there’s increasing pressure on businesses to ensure they have the resources to identify and mitigate cyber crime.',0,'2019-08-20',4, 1);
INSERT INTO Product(productName,description,rating,releaseDate,sellerID,status)VALUES ('Bio-Inspired Computing Models and Algorithms','Targeted at researchers, academics and professionals working in areas such as artificial intelligence, neural networks, theoretical computer science, bioinformatics and biocomputing.',0,'2019-08-20',4, 1);
INSERT INTO Product(productName,description,rating,releaseDate,sellerID,status)VALUES ('Showstopper','Wall Street Journal reporter G. Pascal Zachary gives an inside look at how famed developer David Cutler and a team of software developers gave so much of their lives to create Windows NT.',0,'2019-08-20',4, 1);
INSERT INTO Product(productName,description,rating,releaseDate,sellerID,status)VALUES ('Noble Chair - Hero Series The Elder Scrolls Online Edition (ESO)','Hero Series The Elder Scrolls Online Edition (ESO) is one of our most advanced backrest-equipped gaming chairs with a larger, taller and wider surface.',0,'2019-08-20',5, 1);
INSERT INTO Product(productName,description,rating,releaseDate,sellerID,status)VALUES ('Cougar Fusion Black','Gaming chair with good finish, high quality PVC leather, sturdy design. Help you easily relax, take a nap after a long work process thanks to the 180° reclining mechanism, sturdy aluminum frame, load-bearing up to 120 kg.',0,'2019-08-20',5, 1);
INSERT INTO Product(productName,description,rating,releaseDate,sellerID,status)VALUES ('Cougar Fusion Orange','Gaming chair with good finish, high quality PVC leather, sturdy design. Help you easily relax, take a nap after a long work process thanks to the 180° reclining mechanism, sturdy aluminum frame, load-bearing up to 120 kg.',0,'2019-08-20',5, 1);
INSERT INTO Product(productName,description,rating,releaseDate,sellerID,status)VALUES ('Warrior WGC102 Black','Whether you are focused on work or just want to relax. With the adjustable angle of the chair will help you in no time. With a recline angle of up to 135 degrees to help you rest and relax as well as sit up to 90 degrees if you want to work focused.',0,'2019-08-20',5, 1);
INSERT INTO Product(productName,description,rating,releaseDate,sellerID,status)VALUES ('Warrior WGC102 Black Red','Whether you are focused on work or just want to relax. With the adjustable angle of the chair will help you in no time. With a recline angle of up to 135 degrees to help you rest and relax as well as sit up to 90 degrees if you want to work focused. The armrest will also adjust itself according to the tilt of the chair.',0,'2019-08-20',5, 1);
INSERT INTO Product(productName,description,rating,releaseDate,sellerID,status)VALUES ('E-Dra Mars EGC202 Black','It is too easy to own a gaming chair from E-Dra, you only have to spend less than 3 million to get yourself a fully functional gaming chair that lifts and lowers height, reclines 180 degrees, movable, full Full accessories and familiar design form.',0,'2019-08-20',5, 1);
INSERT INTO Product(productName,description,rating,releaseDate,sellerID,status)VALUES ('Headphone DareU EH416 RGB','DareU EH416 RGB headphones with the main color tone are mysterious, glossy black, along with two large and thick ear buds that bring a strong but equally luxurious feeling. The product is also equipped with 16.8 million color LEDs (automatically changing colors). LEDs are arranged very reasonably on both sides of the headset with beautiful, bright white colors, including LED border and very prominent Logo.',0,'2019-08-20',5, 1);
INSERT INTO Product(productName,description,rating,releaseDate,sellerID,status)VALUES ('Headphone Zidli ZH 7RB','We have a 7.1 sound simulation headset with good sound and high detail, a wide soundstage, easy to listen to and feel good for a long time thanks to the high-quality leather headband and earpads, comfortable wearing feeling without causing ear pain.',0,'2019-08-20',5, 1);
INSERT INTO Product(productName,description,rating,releaseDate,sellerID,status)VALUES ('Headphone DareU EH469 7.1 RGB','DareU EH469 is a gaming headset that surely has no competition in the 500k price segment in terms of design. The large Oval-shaped earcup covers the ear, the headband can be stretched for a very comfortable wearing feeling. The frame of the headset is made of steel for high durability.',0,'2019-08-20',5, 1);
INSERT INTO Product(productName,description,rating,releaseDate,sellerID,status)VALUES ('Headphone Rapoo VH520C','Rapoo VH520C headphones are equipped with LED breathing lights that change with different colors to make the headset stand out and eye-catching. With super durable materials, the VH520C has a sturdy and durable design when in use.',0,'2019-08-20',5, 1);
INSERT INTO Product(productName,description,rating,releaseDate,sellerID,status)VALUES ('Headphone Mpow Air SE','Is a headset product line for gamers from the manufacturer Mpow. With a compact, lightweight design accompanied by 3D Surround Sound technology, promises to bring a great audio experience.',0,'2019-08-20',5, 1);
INSERT INTO Product(productName,description,rating,releaseDate,sellerID,status)VALUES ('Headphone DareU EH925S 7.1 RGB','DareU EH925s are over-ear headphones, so the earcups are larger than many other types of headphones. The outside of the earcups are equipped with RGB LEDs with 16.8 million colors, a typical design of the gaming headset line. The ear cushions are manufactured with high-quality cushioning and leather-covered material, limiting peeling after a long time of use, and also creating a smooth feeling when worn for a long time.',0,'2019-08-20',5, 1);
INSERT INTO Product(productName,description,rating,releaseDate,sellerID,status)VALUES ('Mouse Logitech G102 Lightsync RGB Black','Despite its very affordable price, the Logitech G102 Lightsync RGB Mouse is equipped with 16.8 million RGB LEDs. Choose one color or mix 3 colors, available effects or create your own effects. The choice is yours ! You can also sync the mouse with other Logitech G LIGHTSYNC devices to make the camera angle more synchronized and unique.',0,'2019-08-20',5, 1);
INSERT INTO Product(productName,description,rating,releaseDate,sellerID,status)VALUES ('Mouse Logitech G402 Hyperion','Logitech G402 mouse possesses a scanning speed of up to 500 IPS, using Logitech latest sensor technology, Fusion Engine, for extremely high accuracy when used.',0,'2019-08-20',5, 1);
INSERT INTO Product(productName,description,rating,releaseDate,sellerID,status)VALUES ('Mouse Logitech G502 Hero','In addition to core performance and individual features, many details are designed and crafted with care. Logitech G502 Hero is one of the cheap gaming mouse lines compared to products in the same segment with braided cords with lace-up buttons with rough buckles, side handles with rubber edges, magnetic doors to the compartment for heavy blocks and many more. more.',0,'2019-08-20',5, 1);
INSERT INTO Product(productName,description,rating,releaseDate,sellerID,status)VALUES ('Mouse Razer Viper Mini','Born to push the very limits of ultra-lightweight gaming, the Razer Viper Mini takes up a smaller form that remains just as big in performance.',0,'2019-08-20',5, 1);
INSERT INTO Product(productName,description,rating,releaseDate,sellerID,status)VALUES ('Mouse Razer DeathAdder V2','With over 10 million Razer DeathAdder mice sold, this is the most popular and award-winning gaming mouse in the world for many years. Renowned for its distinctive ergonomic design. Perfect fit for palm form, and good support with claw or finger tip grip.',0,'2019-08-20',5, 1);
INSERT INTO Product(productName,description,rating,releaseDate,sellerID,status)VALUES ('Mouse Razer Basilisk V2','Having a large arsenal at your fingertips using your favorite macro buttons and secondary functions through Razer Synapse 3 software is one of the best gaming mice to buy today.',0,'2019-08-20',5, 1);
INSERT INTO Product(productName,description,rating,releaseDate,sellerID,status)VALUES ('Keyboard Leopold FC980M PD Dark Yellow','Gaming keyboard products from the Leopold family always offer maximum simplicity in design and the Leopold FC980M PD Dark Yellow mechanical keyboard is no exception. With a shortened full-size design with 98 keys, wearing a mysterious black color and eye-catching golden characters for all eyes to look at the keyboard.',0,'2019-08-20',5, 1);
INSERT INTO Product(productName,description,rating,releaseDate,sellerID,status)VALUES ('Keyboard Corsair K63 Wireless','The compact wireless keyboard model is solidly completed with a very fast key response speed thanks to a delay of only 1ms. Sophistication, simplicity and premium quality come from cherry switch. The keyboard is smooth, the pressure is moderate but still feels comfortable enough to use.',0,'2019-08-20',5, 1);
INSERT INTO Product(productName,description,rating,releaseDate,sellerID,status)VALUES ('Keyboard Corsair K68 RGB','Now you can use the keyboard more comfortably because Corsair has equipped it with IP32 water and dust resistance. Accompany you all day long with IP32 rating that allows you to resist dust objects larger than 2.5mm and water poured directly from above (or at an angle of 15 degrees).',0,'2019-08-20',5, 1);
INSERT INTO Product(productName,description,rating,releaseDate,sellerID,status)VALUES ('Keyboard Razer Huntsman Mini Mercury','Razer Huntsman Mini is one of the low-cost mechanical keyboard product lines equipped with a type-C cable that helps ensure ruggedness, it helps to ensure that it remains securely connected while playing games and especially it. Can be easily disassembled for your convenience when traveling when using.',0,'2019-08-20',5, 1);
INSERT INTO Product(productName,description,rating,releaseDate,sellerID,status)VALUES ('Keyboard Razer Blackwidow V3 Pro','The world first and most iconic Razer Blackwidow V3 Pro mechanical keyboard makes for a landmark development. Step into a new wireless meta with the Razer BlackWidow V3 Pro — with 3 connection modes offering unparalleled versatility and a satisfying gaming experience including best-in-class switches and full-height keys .',0,'2019-08-20',5, 1);
INSERT INTO Product(productName,description,rating,releaseDate,sellerID,status)VALUES ('Keyboard DareU EK1280 RGB','Beautiful keyboard design, good finishing quality. DareU with its tradition of cheap good products once again surprised us by their cheap gaming key model. The EK1280 RGB is truly a quality keyboard with the exclusive "D" switch from DareU. The bouncing, comfortable keys, high response speed and the ability to receive commands quickly are the advantages of this keyboard.',0,'2019-08-20',5, 1);
INSERT INTO Product(productName,description,rating,releaseDate,sellerID,status)VALUES ('Keyboard DareU EK87 Pink White','DareU EK87 Pink White is one of the cheap mechanical keyboard models that perfectly meets the aesthetic. Featured with the Pink - White keycap set is very soothing to the eyes, combined with the Pink key cover with the same tone to give DareU EK87 Pink White an irresistible beauty.',0,'2019-08-20',5, 1);
INSERT INTO Product(productName,description,rating,releaseDate,sellerID,status)VALUES ('Keyboard Logitech G913 TKL Lightspeed Wireless','The extremely prominent gaming keyboard with an ultra-thin floating switch design is unlike any mechanical keyboard model on the market today. The top is made of aluminum alloy and has a scratched finish to give the keyboard a luxurious look.',0,'2019-08-20',5, 1);
INSERT INTO Product(productName,description,rating,releaseDate,sellerID,status)VALUES ('Keyboard Logitech G813 RGB','The Logitech G813 mechanical keyboard is crafted with high technology to provide a slim, refined appearance while maintaining the same functional performance. Durable, comfortable and always ready to fight any game. G813 is truly a keyboard of the future.',0,'2019-08-20',5, 1);
INSERT INTO Product(productName,description,rating,releaseDate,sellerID,status)VALUES ('Screen Samsung LC34G55 34" 2K 165Hz FreeSync','Feel the breathless drama in every match you participate in with the ideal 1000R curved monitor. Quickly grasp the situation, master the game with optimally expanded vision and incredibly sharp images.',0,'2019-08-20',5, 1);
INSERT INTO Product(productName,description,rating,releaseDate,sellerID,status)VALUES ('Screen LG 27GL850 UltraGear 27" Nano IPS 2K 144Hz 1ms HDR G-Sync','This monitor is aimed at demanding gamers who not only require an optimal screen for the game but also have to show beautiful frames. If you are this type of gamer then welcome to LG UltraGear 27" 2K.',0,'2019-08-20',5, 1);
INSERT INTO Product(productName,description,rating,releaseDate,sellerID,status)VALUES ('Screen ASUS TUF GAMING VG259Q 25“ IPS 144Hz G-Sync 1ms','TUF Gaming VG259Q is a 24.5-inch, Full HD (1920x1080) IPS panel with 144Hz fast refresh rate designed for professional gamers and fast-paced gameplay. It also features 1ms MPRT response time and Adaptive-Sync technology for ultra-smooth gameplay, without tearing and stuttering.',0,'2019-08-20',5, 1);
INSERT INTO Product(productName,description,rating,releaseDate,sellerID,status)VALUES ('Screen ViewSonic VX2458-P 24" 144Hz FreeSync','The ViewSonic® VX2458-P-mhd is an entertaining 24" gaming monitor with fast response times and gaming-powered features.With a 1ms (GtG) response time, the monitor delivers Great quality for gamers.Flexible connectivity via DisplayPort and three HDMI ports make connecting to other high-end graphics cards or peripherals for easy gaming.',0,'2019-08-20',5, 1);
INSERT INTO Product(productName,description,rating,releaseDate,sellerID,status)VALUES ('Screen ASUS ProArt PA279CV 27“ IPS 4K','The ProArt Display PA279CV is a 27-inch monitor designed to meet the needs of content creation professionals, from photo and video editing to graphic design. ProArt Display PA279CV is color-balanced at the factory with Calman Verified certification to deliver excellent color accuracy (∆E < 2). Provides industry-standard 100% sRGB / 100% Rec. 709 color space coverage.',0,'2019-08-20',5, 1);
INSERT INTO Product(productName,description,rating,releaseDate,sellerID,status)VALUES ('Screen LG 27UL850-W 27" IPS 4K FreeSync HDR','Born for imaging professionals, the LG 27UL850-W is one of a series of computer monitors that is not only a display device, but also presents the world in your eyes. With capabilities beyond what an ordinary designer might need, the LG 27UL850-W will certainly be the perfect choice for talented artists with discerning eyes.',0,'2019-08-20',5, 1);
INSERT INTO Product(productName,description,rating,releaseDate,sellerID,status)VALUES ('Screen Dell UltraSharp U2422H 24" IPS','Extended connectivity easily connect your devices with comprehensive connectivity, including DP, HDMI, and super-speed 10Gbps USB. Quick-access ports on the front of the display allow convenient connection to peripherals and charge mobile phones with up to 15W of power via USB-C. Connect quickly with the super-fast 10Gbps USB port for allowing faster data transfer between the PC and the peripheral devices connected to the display.',0,'2019-08-20',5, 1);
INSERT INTO Product(productName,description,rating,releaseDate,sellerID,status)VALUES ('Mainboard Asus TUF GAMING B550M-PLUS (WI-FI) (Socket AM4)','The Asus TUF Gaming B550M (WI-FI) ZAKU II Edition motherboard is renowned for its beautiful, impressive looks inspired by the iconic MS-06S Char''s Zaku II. This motherboard model ensures the ability to make the most of the power of the CPU and video card.',0,'2019-08-20',5, 1);
INSERT INTO Product(productName,description,rating,releaseDate,sellerID,status)VALUES ('Mainboard Z490 GUNDAM','ASUS Z490-GUNDAM (WI-FI) is one of the latest motherboards from Asus. Inspired by the famous super robot series Gundam. This is considered one of the mainboard lines that bring a lot of creative inspiration for users to build a delicate and sharp PC system with its own imprint.',0,'2019-08-20',5, 1);
INSERT INTO Product(productName,description,rating,releaseDate,sellerID,status)VALUES ('Mainboard MSI MAG Z590 TORPEDO','MSI MAG Z590 TORPEDO is one of the latest Z590 mainboards from MSI with extremely high performance with comprehensive design, improving work efficiency, gaming entertainment and the need to customize the pc system according to your preferences.',0,'2019-08-20',5, 1);
INSERT INTO Product(productName,description,rating,releaseDate,sellerID,status)VALUES ('CPU AMD Ryzen 5 360 / 32MB / 4.2GHz / 6 cores 12 threads / AM4','AMD Ryzen 5 3600 CPU kit serves as a direct blow to Intel premium position of the Core i5-9600K. Possessing impressive parameters, 6 cores, 12 processing threads, up to 32MB of cache, and the most special thing is the maximum processing speed when operating in single-core mode up to 4.2GHz, which before no Ryzen CPUs can do this.',0,'2019-08-20',5, 1);
INSERT INTO Product(productName,description,rating,releaseDate,sellerID,status)VALUES ('CPU AMD Ryzen 5 3400G / 6MB / 4.2GHz / 4 cores 8 threads / AM4','The unlocked AMD Ryzen 5 3400G overclocks at 4.2GHz, 8% higher than the 2400G clocked at 3.9GHz. With 4 cores and 8 threads, at a base clock of 3.7GHz it easily handles office tasks and light esports gaming.',0,'2019-08-20',5, 1);
INSERT INTO Product(productName,description,rating,releaseDate,sellerID,status)VALUES ('CPU AMD Ryzen 5 3500X / 32MB / 4.1GHz / 6 cores 6 threads / AM4','The AMD Ryzen 5 3500x gives users a powerful processor performance from a base clock of 3.6GHz and turbo boost to 4.1GHz. You have 6 cores and 6 threads to keep all work and gaming tasks stable and smooth.',0,'2019-08-20',5, 1);
INSERT INTO Product(productName,description,rating,releaseDate,sellerID,status)VALUES ('(8GB DDR4 1x8G 2666) Ram Gigabyte Memory 2666','GIGABYTE memory is built on 10 layers of PCB, sophisticatedly designed to ensure the stability and high performance of selected Ics. GIGABYTE Memory heatsinks are simply designed to deliver the best performance. High-quality materials for better heat dissipation, ensuring memory stability.',0,'2019-08-20',5, 1);
INSERT INTO Product(productName,description,rating,releaseDate,sellerID,status)VALUES ('(8GB DDR4 1x8G 2666) RAM Kingston HyperX Fury Black','HyperX FURY DDR4 is the perfect choice for a system builder or someone looking for an upgrade to speed up their sluggish system. Our engineers have pre-built Intel Extreme Memory Profiles designed to maximize the performance of memory cards, reaching speeds up to 3733MHz.',0,'2019-08-20',5, 1);
INSERT INTO Product(productName,description,rating,releaseDate,sellerID,status)VALUES ('(8G DDR4 1x8G 2800) G.SKILL Ripjaws V','G.SKILL RIPJAWS V 8GB RAM is the latest addition to the classic Ripjaws series, the Ripjaws V series is the latest generation of DDR4 channel memory designed for maximum compatibility and outstanding performance with Intel® Core processors. ™.',0,'2019-08-20',5, 1);
INSERT INTO Product(productName,description,rating,releaseDate,sellerID,status)VALUES ('GIGABYTE AORUS GeForce RTX 3080 Ti XTREME 12G','Powerful performance enhancements with 10240 CUDA® Cores, Memory size up to 12GB and Memory Bandwidth up to 912 GB/s and PCI-E 4.0 x 16 platform ensure you handle all your graphics and computing tasks. perfectly entertained. Innovative cooling system with Max-Covered technology with unique BLADE STACK blade fan allows the video card system to operate at peak performance.',0,'2019-08-20',5, 1);
INSERT INTO Product(productName,description,rating,releaseDate,sellerID,status)VALUES ('ASUS ROG Strix LC GeForce RTX 3080 Ti OC Edition 12GB GDDR6X','ASUS ROG Strix LC GeForce RTX 3080 Ti OC Edition is a high-end video card that comes with a water cooler. ASUS ROG Strix LC GeForce RTX 3080 Ti OC Edition is a beautifully designed VGA card with a silver layer and RGB LED highlighting, ASUS ROG Strix LC GeForce RTX 3080 Ti OC Edition will highlight your computer case.',0,'2019-08-20',5, 1);
INSERT INTO Product(productName,description,rating,releaseDate,sellerID,status)VALUES ('MSI GeForce RTX 3080 Ti SUPRIM X 12G','MSI RTX 3080 Ti SUPRIM X 12G is one of MSI''s brand new Suprim series of graphics cards. Suprim is positioned as the most advanced line-up graphics card, so all of MSI''s quintessence is focused on this product. With the RTX 3080Ti core, playing games at 4K resolution on your computer screen has never been so easy.',0,'2019-08-20',5, 1);
INSERT INTO Product(productName,description,rating,releaseDate,sellerID,status)VALUES ('SSD Samsung 860 Evo 250GB 2.5" Sata 3 550/520 MB/s ( MZ-76E250BW )','The Samsung 860 EVO 250GB 2.5" SATA III SSD hard drive is upgraded from the previously very successful 850 EVO series.With read speed difference: 550MB/s /write: 520MB/s, Samsung 860 EVO 250GB 2.5" SATA III is Perfect choice for gamers, meeting the needs of gaming.',0,'2019-08-20',5, 1);
INSERT INTO Product(productName,description,rating,releaseDate,sellerID,status)VALUES ('SSD KINGSTON A2000 250GB M.2 NVMe - SA2000M8/250G','SSD KINGSTON A2000 250GB M.2 NVMe - SA2000M8/250G is the high-end M.2 SSD of the Kingston brand. Use a PCIe 3.0 x 4 connection with up to 32Gb/s bandwidth. Help KINGSTON A2000 250GB M.2 NVMe SSD - SA2000M8/250G has a pretty good operating speed, reaching a maximum of 2000MB/s for read speed and 1100MB/s for write speed. Surely this SSD will satisfy many users.',0,'2019-08-20',5, 1);
INSERT INTO Product(productName,description,rating,releaseDate,sellerID,status)VALUES ('SSD WD Blue SN550 250GB M.2 2280 NVMe Gen3 x4 (WDS250G2B0C)','If you are looking for an SSD that is compact, affordable and can let you boot the operating system, games, and software at breakneck speed, the SN550 will definitely be a good choice.',0,'2019-08-20',5, 1);
INSERT INTO Product(productName,description,rating,releaseDate,sellerID,status)VALUES ('AntiVirusPlus','antivirus',0,'2019-08-20',5, 1);


-- ProductCategory
INSERT INTO ProductCategory(productID,categoryId,status)VALUES (1,2,1);
INSERT INTO ProductCategory(productID,categoryId,status)VALUES (2,2,1);
INSERT INTO ProductCategory(productID,categoryId,status)VALUES (3,2,1);
INSERT INTO ProductCategory(productID,categoryId,status)VALUES (4,2,1);
INSERT INTO ProductCategory(productID,categoryId,status)VALUES (5,2,1);
INSERT INTO ProductCategory(productID,categoryId,status)VALUES (6,2,1);
INSERT INTO ProductCategory(productID,categoryId,status)VALUES (7,2,1);
INSERT INTO ProductCategory(productID,categoryId,status)VALUES (8,2,1);
INSERT INTO ProductCategory(productID,categoryId,status)VALUES (9,2,1);
INSERT INTO ProductCategory(productID,categoryId,status)VALUES (10,2,1);
INSERT INTO ProductCategory(productID,categoryId,status)VALUES (11,2,1);
INSERT INTO ProductCategory(productID,categoryId,status)VALUES (12,2,1);
INSERT INTO ProductCategory(productID,categoryId,status)VALUES (13,3,1);
INSERT INTO ProductCategory(productID,categoryId,status)VALUES (14,3,1);
INSERT INTO ProductCategory(productID,categoryId,status)VALUES (15,3,1);
INSERT INTO ProductCategory(productID,categoryId,status)VALUES (16,3,1);
INSERT INTO ProductCategory(productID,categoryId,status)VALUES (17,3,1);
INSERT INTO ProductCategory(productID,categoryId,status)VALUES (18,3,1);
INSERT INTO ProductCategory(productID,categoryId,status)VALUES (19,3,1);
INSERT INTO ProductCategory(productID,categoryId,status)VALUES (20,3,1);
INSERT INTO ProductCategory(productID,categoryId,status)VALUES (21,3,1);
INSERT INTO ProductCategory(productID,categoryId,status)VALUES (22,3,1);
INSERT INTO ProductCategory(productID,categoryId,status)VALUES (23,3,1);
INSERT INTO ProductCategory(productID,categoryId,status)VALUES (24,3,1);
INSERT INTO ProductCategory(productID,categoryId,status)VALUES (25,3,1);
INSERT INTO ProductCategory(productID,categoryId,status)VALUES (26,3,1);
INSERT INTO ProductCategory(productID,categoryId,status)VALUES (27,3,1);
INSERT INTO ProductCategory(productID,categoryId,status)VALUES (28,3,1);
INSERT INTO ProductCategory(productID,categoryId,status)VALUES (29,3,1);
INSERT INTO ProductCategory(productID,categoryId,status)VALUES (30,3,1);
INSERT INTO ProductCategory(productID,categoryId,status)VALUES (31,3,1);
INSERT INTO ProductCategory(productID,categoryId,status)VALUES (32,3,1);
INSERT INTO ProductCategory(productID,categoryId,status)VALUES (33,1,1);
INSERT INTO ProductCategory(productID,categoryId,status)VALUES (34,1,1);
INSERT INTO ProductCategory(productID,categoryId,status)VALUES (35,1,1);
INSERT INTO ProductCategory(productID,categoryId,status)VALUES (36,1,1);
INSERT INTO ProductCategory(productID,categoryId,status)VALUES (37,1,1);
INSERT INTO ProductCategory(productID,categoryId,status)VALUES (38,1,1);
INSERT INTO ProductCategory(productID,categoryId,status)VALUES (39,1,1);
INSERT INTO ProductCategory(productID,categoryId,status)VALUES (40,1,1);
INSERT INTO ProductCategory(productID,categoryId,status)VALUES (41,5,1);
INSERT INTO ProductCategory(productID,categoryId,status)VALUES (42,5,1);
INSERT INTO ProductCategory(productID,categoryId,status)VALUES (43,5,1);
INSERT INTO ProductCategory(productID,categoryId,status)VALUES (44,5,1);
INSERT INTO ProductCategory(productID,categoryId,status)VALUES (45,5,1);
INSERT INTO ProductCategory(productID,categoryId,status)VALUES (46,5,1);
INSERT INTO ProductCategory(productID,categoryId,status)VALUES (47,5,1);
INSERT INTO ProductCategory(productID,categoryId,status)VALUES (48,5,1);
INSERT INTO ProductCategory(productID,categoryId,status)VALUES (49,5,1);
INSERT INTO ProductCategory(productID,categoryId,status)VALUES (50,5,1);
INSERT INTO ProductCategory(productID,categoryId,status)VALUES (51,5,1);
INSERT INTO ProductCategory(productID,categoryId,status)VALUES (52,5,1);
INSERT INTO ProductCategory(productID,categoryId,status)VALUES (53,5,1);
INSERT INTO ProductCategory(productID,categoryId,status)VALUES (54,5,1);
INSERT INTO ProductCategory(productID,categoryId,status)VALUES (55,5,1);
INSERT INTO ProductCategory(productID,categoryId,status)VALUES (56,5,1);
INSERT INTO ProductCategory(productID,categoryId,status)VALUES (57,5,1);
INSERT INTO ProductCategory(productID,categoryId,status)VALUES (58,5,1);
INSERT INTO ProductCategory(productID,categoryId,status)VALUES (59,5,1);
INSERT INTO ProductCategory(productID,categoryId,status)VALUES (60,5,1);
INSERT INTO ProductCategory(productID,categoryId,status)VALUES (61,5,1);
INSERT INTO ProductCategory(productID,categoryId,status)VALUES (62,5,1);
INSERT INTO ProductCategory(productID,categoryId,status)VALUES (63,5,1);
INSERT INTO ProductCategory(productID,categoryId,status)VALUES (64,5,1);
INSERT INTO ProductCategory(productID,categoryId,status)VALUES (65,5,1);
INSERT INTO ProductCategory(productID,categoryId,status)VALUES (66,5,1);
INSERT INTO ProductCategory(productID,categoryId,status)VALUES (67,5,1);
INSERT INTO ProductCategory(productID,categoryId,status)VALUES (68,5,1);
INSERT INTO ProductCategory(productID,categoryId,status)VALUES (69,5,1);
INSERT INTO ProductCategory(productID,categoryId,status)VALUES (70,5,1);
INSERT INTO ProductCategory(productID,categoryId,status)VALUES (71,5,1);
INSERT INTO ProductCategory(productID,categoryId,status)VALUES (72,5,1);
INSERT INTO ProductCategory(productID,categoryId,status)VALUES (73,5,1);
INSERT INTO ProductCategory(productID,categoryId,status)VALUES (74,5,1);
INSERT INTO ProductCategory(productID,categoryId,status)VALUES (75,4,1);
INSERT INTO ProductCategory(productID,categoryId,status)VALUES (76,4,1);
INSERT INTO ProductCategory(productID,categoryId,status)VALUES (77,4,1);
INSERT INTO ProductCategory(productID,categoryId,status)VALUES (78,4,1);
INSERT INTO ProductCategory(productID,categoryId,status)VALUES (79,4,1);
INSERT INTO ProductCategory(productID,categoryId,status)VALUES (80,4,1);
INSERT INTO ProductCategory(productID,categoryId,status)VALUES (81,4,1);
INSERT INTO ProductCategory(productID,categoryId,status)VALUES (82,4,1);
INSERT INTO ProductCategory(productID,categoryId,status)VALUES (83,4,1);
INSERT INTO ProductCategory(productID,categoryId,status)VALUES (84,4,1);
INSERT INTO ProductCategory(productID,categoryId,status)VALUES (85,4,1);
INSERT INTO ProductCategory(productID,categoryId,status)VALUES (86,4,1);
INSERT INTO ProductCategory(productID,categoryId,status)VALUES (87,4,1);
INSERT INTO ProductCategory(productID,categoryId,status)VALUES (88,4,1);
INSERT INTO ProductCategory(productID,categoryId,status)VALUES (89,4,1);
INSERT INTO ProductCategory(productID,categoryId,status)VALUES (90,6,1);


-- ProductGenre
INSERT INTO ProductGenre(productID,genreID,status)VALUES (1,2,1);
INSERT INTO ProductGenre(productID,genreID,status)VALUES (2,2,1);
INSERT INTO ProductGenre(productID,genreID,status)VALUES (3,3,1);
INSERT INTO ProductGenre(productID,genreID,status)VALUES (4,2,1);
INSERT INTO ProductGenre(productID,genreID,status)VALUES (5,4,1);
INSERT INTO ProductGenre(productID,genreID,status)VALUES (6,4,1);
INSERT INTO ProductGenre(productID,genreID,status)VALUES (7,2,1);
INSERT INTO ProductGenre(productID,genreID,status)VALUES (8,2,1);
INSERT INTO ProductGenre(productID,genreID,status)VALUES (9,2,1);
INSERT INTO ProductGenre(productID,genreID,status)VALUES (10,2,1);
INSERT INTO ProductGenre(productID,genreID,status)VALUES (11,2,1);
INSERT INTO ProductGenre(productID,genreID,status)VALUES (12,2,1);
INSERT INTO ProductGenre(productID,genreID,status)VALUES (13,6,1);
INSERT INTO ProductGenre(productID,genreID,status)VALUES (14,6,1);
INSERT INTO ProductGenre(productID,genreID,status)VALUES (15,6,1);
INSERT INTO ProductGenre(productID,genreID,status)VALUES (16,6,1);
INSERT INTO ProductGenre(productID,genreID,status)VALUES (17,6,1);
INSERT INTO ProductGenre(productID,genreID,status)VALUES (18,6,1);
INSERT INTO ProductGenre(productID,genreID,status)VALUES (19,6,1);
INSERT INTO ProductGenre(productID,genreID,status)VALUES (20,5,1);
INSERT INTO ProductGenre(productID,genreID,status)VALUES (21,5,1);
INSERT INTO ProductGenre(productID,genreID,status)VALUES (22,5,1);
INSERT INTO ProductGenre(productID,genreID,status)VALUES (23,5,1);
INSERT INTO ProductGenre(productID,genreID,status)VALUES (24,5,1);
INSERT INTO ProductGenre(productID,genreID,status)VALUES (25,5,1);
INSERT INTO ProductGenre(productID,genreID,status)VALUES (26,5,1);
INSERT INTO ProductGenre(productID,genreID,status)VALUES (27,5,1);
INSERT INTO ProductGenre(productID,genreID,status)VALUES (28,5,1);
INSERT INTO ProductGenre(productID,genreID,status)VALUES (29,5,1);
INSERT INTO ProductGenre(productID,genreID,status)VALUES (30,7,1);
INSERT INTO ProductGenre(productID,genreID,status)VALUES (31,7,1);
INSERT INTO ProductGenre(productID,genreID,status)VALUES (32,7,1);
INSERT INTO ProductGenre(productID,genreID,status)VALUES (33,1,1);
INSERT INTO ProductGenre(productID,genreID,status)VALUES (34,1,1);
INSERT INTO ProductGenre(productID,genreID,status)VALUES (35,1,1);
INSERT INTO ProductGenre(productID,genreID,status)VALUES (36,1,1);
INSERT INTO ProductGenre(productID,genreID,status)VALUES (37,1,1);
INSERT INTO ProductGenre(productID,genreID,status)VALUES (38,1,1);
INSERT INTO ProductGenre(productID,genreID,status)VALUES (39,1,1);
INSERT INTO ProductGenre(productID,genreID,status)VALUES (40,1,1);
INSERT INTO ProductGenre(productID,genreID,status)VALUES (41,17,1);
INSERT INTO ProductGenre(productID,genreID,status)VALUES (42,17,1);
INSERT INTO ProductGenre(productID,genreID,status)VALUES (43,17,1);
INSERT INTO ProductGenre(productID,genreID,status)VALUES (44,17,1);
INSERT INTO ProductGenre(productID,genreID,status)VALUES (45,17,1);
INSERT INTO ProductGenre(productID,genreID,status)VALUES (46,17,1);
INSERT INTO ProductGenre(productID,genreID,status)VALUES (47,16,1);
INSERT INTO ProductGenre(productID,genreID,status)VALUES (48,16,1);
INSERT INTO ProductGenre(productID,genreID,status)VALUES (49,16,1);
INSERT INTO ProductGenre(productID,genreID,status)VALUES (50,16,1);
INSERT INTO ProductGenre(productID,genreID,status)VALUES (51,16,1);
INSERT INTO ProductGenre(productID,genreID,status)VALUES (52,16,1);
INSERT INTO ProductGenre(productID,genreID,status)VALUES (53,15,1);
INSERT INTO ProductGenre(productID,genreID,status)VALUES (54,15,1);
INSERT INTO ProductGenre(productID,genreID,status)VALUES (55,15,1);
INSERT INTO ProductGenre(productID,genreID,status)VALUES (56,15,1);
INSERT INTO ProductGenre(productID,genreID,status)VALUES (57,15,1);
INSERT INTO ProductGenre(productID,genreID,status)VALUES (58,15,1);
INSERT INTO ProductGenre(productID,genreID,status)VALUES (59,14,1);
INSERT INTO ProductGenre(productID,genreID,status)VALUES (60,14,1);
INSERT INTO ProductGenre(productID,genreID,status)VALUES (61,14,1);
INSERT INTO ProductGenre(productID,genreID,status)VALUES (62,14,1);
INSERT INTO ProductGenre(productID,genreID,status)VALUES (63,14,1);
INSERT INTO ProductGenre(productID,genreID,status)VALUES (64,14,1);
INSERT INTO ProductGenre(productID,genreID,status)VALUES (65,14,1);
INSERT INTO ProductGenre(productID,genreID,status)VALUES (66,14,1);
INSERT INTO ProductGenre(productID,genreID,status)VALUES (67,14,1);
INSERT INTO ProductGenre(productID,genreID,status)VALUES (68,13,1);
INSERT INTO ProductGenre(productID,genreID,status)VALUES (69,13,1);
INSERT INTO ProductGenre(productID,genreID,status)VALUES (70,13,1);
INSERT INTO ProductGenre(productID,genreID,status)VALUES (71,13,1);
INSERT INTO ProductGenre(productID,genreID,status)VALUES (72,13,1);
INSERT INTO ProductGenre(productID,genreID,status)VALUES (73,13,1);
INSERT INTO ProductGenre(productID,genreID,status)VALUES (74,13,1);
INSERT INTO ProductGenre(productID,genreID,status)VALUES (75,8,1);
INSERT INTO ProductGenre(productID,genreID,status)VALUES (76,8,1);
INSERT INTO ProductGenre(productID,genreID,status)VALUES (77,8,1);
INSERT INTO ProductGenre(productID,genreID,status)VALUES (78,9,1);
INSERT INTO ProductGenre(productID,genreID,status)VALUES (79,9,1);
INSERT INTO ProductGenre(productID,genreID,status)VALUES (80,9,1);
INSERT INTO ProductGenre(productID,genreID,status)VALUES (81,10,1);
INSERT INTO ProductGenre(productID,genreID,status)VALUES (82,10,1);
INSERT INTO ProductGenre(productID,genreID,status)VALUES (83,10,1);
INSERT INTO ProductGenre(productID,genreID,status)VALUES (84,12,1);
INSERT INTO ProductGenre(productID,genreID,status)VALUES (85,12,1);
INSERT INTO ProductGenre(productID,genreID,status)VALUES (86,12,1);
INSERT INTO ProductGenre(productID,genreID,status)VALUES (87,11,1);
INSERT INTO ProductGenre(productID,genreID,status)VALUES (88,11,1);
INSERT INTO ProductGenre(productID,genreID,status)VALUES (89,11,1);
INSERT INTO ProductGenre(productID,genreID,status)VALUES (90,20,1);


-- ProductType
INSERT INTO ProductType(productTypeId,productID,size,color,price,wareHouseID,quantity,status)VALUES ('Pr1Ty1',1,'359 x 259 x 24.9 (mm)','Black',23990000,1,20,1);
INSERT INTO ProductType(productTypeId,productID,size,color,price,wareHouseID,quantity,status)VALUES ('Pr2Ty1',2,'363 x 247.5 x 19.9 (mm)','Shale Black',11990000,1,20,1);
INSERT INTO ProductType(productTypeId,productID,size,color,price,wareHouseID,quantity,status)VALUES ('Pr3Ty1',3,'324 x 215 x 17.9 (mm)','Black',18790000,1,20,1);
INSERT INTO ProductType(productTypeId,productID,size,color,price,wareHouseID,quantity,status)VALUES ('Pr4Ty1',4,'363.4 x 255 x 23.9 (mm)','Black',23490000,1,20,1);
INSERT INTO ProductType(productTypeId,productID,size,color,price,wareHouseID,quantity,status)VALUES ('Pr5Ty1',5,'304 x 212 x 4.1 (mm)','Grey',24990000,1,20,1);
INSERT INTO ProductType(productTypeId,productID,size,color,price,wareHouseID,quantity,status)VALUES ('Pr5Ty2',5,'304 x 212 x 4.1 (mm)','Silver',24990000,1,20,1);
INSERT INTO ProductType(productTypeId,productID,size,color,price,wareHouseID,quantity,status)VALUES ('Pr5Ty3',5,'304 x 212 x 4.1 (mm)','Gold',25490000,1,20,1);
INSERT INTO ProductType(productTypeId,productID,size,color,price,wareHouseID,quantity,status)VALUES ('Pr6Ty1',6,'304.1 x 212.4 x 15.6 (mm)','Grey',36990000,1,20,1);
INSERT INTO ProductType(productTypeId,productID,size,color,price,wareHouseID,quantity,status)VALUES ('Pr7Ty1',7,'360 x 262 x 25,8 ~ 26,9 cm','Gun Metal',20490000,1,20,1);
INSERT INTO ProductType(productTypeId,productID,size,color,price,wareHouseID,quantity,status)VALUES ('Pr8Ty1',8,'359 x 254 x 21.7 mm','Black',20490000,1,20,1);
INSERT INTO ProductType(productTypeId,productID,size,color,price,wareHouseID,quantity,status)VALUES ('Pr9Ty1',9,'324 x 220 x 179 (mm)','Eclipse Gray',28490000,1,20,1);
INSERT INTO ProductType(productTypeId,productID,size,color,price,wareHouseID,quantity,status)VALUES ('Pr10Ty1',10,'363 x 255 x 22.9 (mm)','Abyssal Black',32990000,1,20,1);
INSERT INTO ProductType(productTypeId,productID,size,color,price,wareHouseID,quantity,status)VALUES ('Pr11Ty1',11,'362.56 x 260.61 x 22.5-25.75 (mm)','Stingray White',31990000,1,20,1);
INSERT INTO ProductType(productTypeId,productID,size,color,price,wareHouseID,quantity,status)VALUES ('Pr12Ty1',12,'358 x 248 x 15.95 (mm)','Black',30490000,1,20,1);
INSERT INTO ProductType(productTypeId,productID,size,color,price,wareHouseID,quantity,status)VALUES ('Pr13Ty1',13,'64GB','Black',22090000,1,20,1);
INSERT INTO ProductType(productTypeId,productID,size,color,price,wareHouseID,quantity,status)VALUES ('Pr13Ty2',13,'64GB','White',19990000,1,20,1);
INSERT INTO ProductType(productTypeId,productID,size,color,price,wareHouseID,quantity,status)VALUES ('Pr13Ty3',13,'64GB','Blue',22090000,1,20,1);
INSERT INTO ProductType(productTypeId,productID,size,color,price,wareHouseID,quantity,status)VALUES ('Pr13Ty4',13,'64GB','Green',22090000,1,20,1);
INSERT INTO ProductType(productTypeId,productID,size,color,price,wareHouseID,quantity,status)VALUES ('Pr13Ty5',13,'64GB','Purple',20090000,1,20,1);
INSERT INTO ProductType(productTypeId,productID,size,color,price,wareHouseID,quantity,status)VALUES ('Pr13Ty6',13,'64GB','Red',19990000,1,20,1);
INSERT INTO ProductType(productTypeId,productID,size,color,price,wareHouseID,quantity,status)VALUES ('Pr13Ty7',13,'128GB','Black',23490000,1,20,1);
INSERT INTO ProductType(productTypeId,productID,size,color,price,wareHouseID,quantity,status)VALUES ('Pr13Ty8',13,'128GB','White',20990000,1,20,1);
INSERT INTO ProductType(productTypeId,productID,size,color,price,wareHouseID,quantity,status)VALUES ('Pr13Ty9',13,'128GB','Blue',23490000,1,20,1);
INSERT INTO ProductType(productTypeId,productID,size,color,price,wareHouseID,quantity,status)VALUES ('Pr13Ty10',13,'128GB','Green',23490000,1,20,1);
INSERT INTO ProductType(productTypeId,productID,size,color,price,wareHouseID,quantity,status)VALUES ('Pr13Ty11',13,'128GB','Purple',21490000,1,20,1);
INSERT INTO ProductType(productTypeId,productID,size,color,price,wareHouseID,quantity,status)VALUES ('Pr13Ty12',13,'128GB','Red',23490000,1,20,1);
INSERT INTO ProductType(productTypeId,productID,size,color,price,wareHouseID,quantity,status)VALUES ('Pr14Ty1',14,'128GB','Graphite',30990000,2,20,1);
INSERT INTO ProductType(productTypeId,productID,size,color,price,wareHouseID,quantity,status)VALUES ('Pr14Ty2',14,'128GB','Silver',30990000,2,20,1);
INSERT INTO ProductType(productTypeId,productID,size,color,price,wareHouseID,quantity,status)VALUES ('Pr14Ty3',14,'128GB','Gold',30990000,2,20,1);
INSERT INTO ProductType(productTypeId,productID,size,color,price,wareHouseID,quantity,status)VALUES ('Pr14Ty4',14,'128GB','Pacific Blue',30990000,2,20,1);
INSERT INTO ProductType(productTypeId,productID,size,color,price,wareHouseID,quantity,status)VALUES ('Pr14Ty5',14,'256GB','Graphite',3259000,2,20,1);
INSERT INTO ProductType(productTypeId,productID,size,color,price,wareHouseID,quantity,status)VALUES ('Pr14Ty6',14,'256GB','Silver',32990000,2,20,1);
INSERT INTO ProductType(productTypeId,productID,size,color,price,wareHouseID,quantity,status)VALUES ('Pr14Ty7',14,'256GB','Gold',32990000,2,20,1);
INSERT INTO ProductType(productTypeId,productID,size,color,price,wareHouseID,quantity,status)VALUES ('Pr14Ty8',14,'256GB','Pacific Blue',32990000,2,20,1);
INSERT INTO ProductType(productTypeId,productID,size,color,price,wareHouseID,quantity,status)VALUES ('Pr15Ty1',15,'128GB','Graphite',27490000,2,20,1);
INSERT INTO ProductType(productTypeId,productID,size,color,price,wareHouseID,quantity,status)VALUES ('Pr15Ty2',15,'128GB','Silver',27090000,2,20,1);
INSERT INTO ProductType(productTypeId,productID,size,color,price,wareHouseID,quantity,status)VALUES ('Pr15Ty3',15,'128GB','Gold',27090000,2,20,1);
INSERT INTO ProductType(productTypeId,productID,size,color,price,wareHouseID,quantity,status)VALUES ('Pr15Ty4',15,'128GB','Pacific Blue',27490000,2,20,1);
INSERT INTO ProductType(productTypeId,productID,size,color,price,wareHouseID,quantity,status)VALUES ('Pr15Ty5',15,'256GB','Graphite',30490000,2,20,1);
INSERT INTO ProductType(productTypeId,productID,size,color,price,wareHouseID,quantity,status)VALUES ('Pr15Ty6',15,'256GB','Silver',29990000,2,20,1);
INSERT INTO ProductType(productTypeId,productID,size,color,price,wareHouseID,quantity,status)VALUES ('Pr15Ty7',15,'256GB','Gold',29990000,2,20,1);
INSERT INTO ProductType(productTypeId,productID,size,color,price,wareHouseID,quantity,status)VALUES ('Pr15Ty8',15,'256GB','Pacific Blue',30490000,2,20,1);
INSERT INTO ProductType(productTypeId,productID,size,color,price,wareHouseID,quantity,status)VALUES ('Pr16Ty1',16,'64GB','Black',19490000,2,20,1);
INSERT INTO ProductType(productTypeId,productID,size,color,price,wareHouseID,quantity,status)VALUES ('Pr16Ty2',16,'64GB','White',19490000,2,20,1);
INSERT INTO ProductType(productTypeId,productID,size,color,price,wareHouseID,quantity,status)VALUES ('Pr16Ty3',16,'64GB','Blue',19490000,2,20,1);
INSERT INTO ProductType(productTypeId,productID,size,color,price,wareHouseID,quantity,status)VALUES ('Pr16Ty4',16,'64GB','Green',19490000,2,20,1);
INSERT INTO ProductType(productTypeId,productID,size,color,price,wareHouseID,quantity,status)VALUES ('Pr16Ty5',16,'64GB','Purple',19490000,2,20,1);
INSERT INTO ProductType(productTypeId,productID,size,color,price,wareHouseID,quantity,status)VALUES ('Pr16Ty6',16,'64GB','Red',19490000,2,20,1);
INSERT INTO ProductType(productTypeId,productID,size,color,price,wareHouseID,quantity,status)VALUES ('Pr16Ty7',16,'128GB','Black',20990000,2,20,1);
INSERT INTO ProductType(productTypeId,productID,size,color,price,wareHouseID,quantity,status)VALUES ('Pr16Ty8',16,'128GB','White',20990000,2,20,1);
INSERT INTO ProductType(productTypeId,productID,size,color,price,wareHouseID,quantity,status)VALUES ('Pr16Ty9',16,'128GB','Blue',20990000,2,20,1);
INSERT INTO ProductType(productTypeId,productID,size,color,price,wareHouseID,quantity,status)VALUES ('Pr16Ty10',16,'128GB','Green',20990000,2,20,1);
INSERT INTO ProductType(productTypeId,productID,size,color,price,wareHouseID,quantity,status)VALUES ('Pr16Ty11',16,'128GB','Purple',20990000,2,20,1);
INSERT INTO ProductType(productTypeId,productID,size,color,price,wareHouseID,quantity,status)VALUES ('Pr16Ty12',16,'128GB','Red',20990000,2,20,1);
INSERT INTO ProductType(productTypeId,productID,size,color,price,wareHouseID,quantity,status)VALUES ('Pr17Ty1',17,'64GB','Black',13490000,2,20,1);
INSERT INTO ProductType(productTypeId,productID,size,color,price,wareHouseID,quantity,status)VALUES ('Pr17Ty2',17,'64GB','White',13490000,2,20,1);
INSERT INTO ProductType(productTypeId,productID,size,color,price,wareHouseID,quantity,status)VALUES ('Pr17Ty3',17,'64GB','Yellow',13490000,2,20,1);
INSERT INTO ProductType(productTypeId,productID,size,color,price,wareHouseID,quantity,status)VALUES ('Pr17Ty4',17,'64GB','Green',13490000,2,20,1);
INSERT INTO ProductType(productTypeId,productID,size,color,price,wareHouseID,quantity,status)VALUES ('Pr17Ty5',17,'64GB','Purple',13490000,2,20,1);
INSERT INTO ProductType(productTypeId,productID,size,color,price,wareHouseID,quantity,status)VALUES ('Pr17Ty6',17,'64GB','Red',13490000,2,20,1);
INSERT INTO ProductType(productTypeId,productID,size,color,price,wareHouseID,quantity,status)VALUES ('Pr17Ty7',17,'128GB','Black',14890000,2,20,1);
INSERT INTO ProductType(productTypeId,productID,size,color,price,wareHouseID,quantity,status)VALUES ('Pr17Ty8',17,'128GB','White',14890000,2,20,1);
INSERT INTO ProductType(productTypeId,productID,size,color,price,wareHouseID,quantity,status)VALUES ('Pr17Ty9',17,'128GB','Yellow',14890000,2,20,1);
INSERT INTO ProductType(productTypeId,productID,size,color,price,wareHouseID,quantity,status)VALUES ('Pr17Ty10',17,'128GB','Green',14890000,2,20,1);
INSERT INTO ProductType(productTypeId,productID,size,color,price,wareHouseID,quantity,status)VALUES ('Pr17Ty11',17,'128GB','Purple',14890000,2,20,1);
INSERT INTO ProductType(productTypeId,productID,size,color,price,wareHouseID,quantity,status)VALUES ('Pr17Ty12',17,'128GB','Red',14890000,2,20,1);
INSERT INTO ProductType(productTypeId,productID,size,color,price,wareHouseID,quantity,status)VALUES ('Pr18Ty1',18,'64GB','Yellow',10990000,2,20,1);
INSERT INTO ProductType(productTypeId,productID,size,color,price,wareHouseID,quantity,status)VALUES ('Pr18Ty2',18,'64GB','Black',10990000,2,20,1);
INSERT INTO ProductType(productTypeId,productID,size,color,price,wareHouseID,quantity,status)VALUES ('Pr18Ty3',18,'128GB','Yellow',11490000,2,20,1);
INSERT INTO ProductType(productTypeId,productID,size,color,price,wareHouseID,quantity,status)VALUES ('Pr18Ty4',18,'128GB','Black',11490000,2,20,1);
INSERT INTO ProductType(productTypeId,productID,size,color,price,wareHouseID,quantity,status)VALUES ('Pr19Ty1',19,'64GB','Red',10790000,2,20,1);
INSERT INTO ProductType(productTypeId,productID,size,color,price,wareHouseID,quantity,status)VALUES ('Pr19Ty2',19,'128GB','Red',11790000,2,20,1);
INSERT INTO ProductType(productTypeId,productID,size,color,price,wareHouseID,quantity,status)VALUES ('Pr19Ty3',19,'256GB','Red',14990000,2,20,1);
INSERT INTO ProductType(productTypeId,productID,size,color,price,wareHouseID,quantity,status)VALUES ('Pr20Ty1',20,'256GB','Phantom Black',41990000,3,20,1);
INSERT INTO ProductType(productTypeId,productID,size,color,price,wareHouseID,quantity,status)VALUES ('Pr20Ty2',20,'256GB','Phantom Green',41990000,3,20,1);
INSERT INTO ProductType(productTypeId,productID,size,color,price,wareHouseID,quantity,status)VALUES ('Pr20Ty3',20,'256GB','Phantom Silver',41990000,3,20,1);
INSERT INTO ProductType(productTypeId,productID,size,color,price,wareHouseID,quantity,status)VALUES ('Pr20Ty4',20,'512GB','Phantom Black',44990000,3,20,1);
INSERT INTO ProductType(productTypeId,productID,size,color,price,wareHouseID,quantity,status)VALUES ('Pr20Ty5',20,'512GB','Phantom Green',44990000,3,20,1);
INSERT INTO ProductType(productTypeId,productID,size,color,price,wareHouseID,quantity,status)VALUES ('Pr20Ty6',20,'512GB','Phantom Silver',44990000,3,20,1);
INSERT INTO ProductType(productTypeId,productID,size,color,price,wareHouseID,quantity,status)VALUES ('Pr21Ty1',21,'256GB','Mystic Black',50000000,3,20,1);
INSERT INTO ProductType(productTypeId,productID,size,color,price,wareHouseID,quantity,status)VALUES ('Pr21Ty2',21,'256GB','Mystic Bronze',50000000,3,20,1);
INSERT INTO ProductType(productTypeId,productID,size,color,price,wareHouseID,quantity,status)VALUES ('Pr22Ty1',22,'128GB','Black',5290000,3,20,1);
INSERT INTO ProductType(productTypeId,productID,size,color,price,wareHouseID,quantity,status)VALUES ('Pr22Ty2',22,'128GB','Green',5390000,3,20,1);
INSERT INTO ProductType(productTypeId,productID,size,color,price,wareHouseID,quantity,status)VALUES ('Pr22Ty3',22,'128GB','Purple',5390000,3,20,1);
INSERT INTO ProductType(productTypeId,productID,size,color,price,wareHouseID,quantity,status)VALUES ('Pr23Ty1',23,'128GB','Black',25990000,3,20,1);
INSERT INTO ProductType(productTypeId,productID,size,color,price,wareHouseID,quantity,status)VALUES ('Pr23Ty2',23,'128GB','Silver',25990000,3,20,1);
INSERT INTO ProductType(productTypeId,productID,size,color,price,wareHouseID,quantity,status)VALUES ('Pr24Ty1',24,'256GB','Copper',14990000,3,20,1);
INSERT INTO ProductType(productTypeId,productID,size,color,price,wareHouseID,quantity,status)VALUES ('Pr24Ty2',24,'256GB','Green',14990000,3,20,1);
INSERT INTO ProductType(productTypeId,productID,size,color,price,wareHouseID,quantity,status)VALUES ('Pr24Ty3',24,'256GB','Grey',14990000,3,20,1);
INSERT INTO ProductType(productTypeId,productID,size,color,price,wareHouseID,quantity,status)VALUES ('Pr25Ty1',25,'256GB','Black',26990000,3,20,1);
INSERT INTO ProductType(productTypeId,productID,size,color,price,wareHouseID,quantity,status)VALUES ('Pr25Ty2',25,'256GB','Blue',26990000,3,20,1);
INSERT INTO ProductType(productTypeId,productID,size,color,price,wareHouseID,quantity,status)VALUES ('Pr26Ty1',26,'128GB','Black',12990000,3,20,1);
INSERT INTO ProductType(productTypeId,productID,size,color,price,wareHouseID,quantity,status)VALUES ('Pr26Ty2',26,'128GB','Silver',12990000,3,20,1);
INSERT INTO ProductType(productTypeId,productID,size,color,price,wareHouseID,quantity,status)VALUES ('Pr27Ty1',27,'128GB','Black',6690000,3,20,1);
INSERT INTO ProductType(productTypeId,productID,size,color,price,wareHouseID,quantity,status)VALUES ('Pr27Ty2',27,'128GB','Blue',6690000,3,20,1);
INSERT INTO ProductType(productTypeId,productID,size,color,price,wareHouseID,quantity,status)VALUES ('Pr28Ty1',28,'128GB','Black',10490000,3,20,1);
INSERT INTO ProductType(productTypeId,productID,size,color,price,wareHouseID,quantity,status)VALUES ('Pr28Ty2',28,'128GB','Silver',10490000,3,20,1);
INSERT INTO ProductType(productTypeId,productID,size,color,price,wareHouseID,quantity,status)VALUES ('Pr29Ty1',29,'256GB','Black',9990000,3,20,1);
INSERT INTO ProductType(productTypeId,productID,size,color,price,wareHouseID,quantity,status)VALUES ('Pr29Ty2',29,'256GB','White',9990000,3,20,1);
INSERT INTO ProductType(productTypeId,productID,size,color,price,wareHouseID,quantity,status)VALUES ('Pr30Ty1',30,'256GB','Blue',15960000,3,20,1);
INSERT INTO ProductType(productTypeId,productID,size,color,price,wareHouseID,quantity,status)VALUES ('Pr30Ty2',30,'256GB','Grey',15960000,3,20,1);
INSERT INTO ProductType(productTypeId,productID,size,color,price,wareHouseID,quantity,status)VALUES ('Pr31Ty1',31,'256GB','Black',11540000,3,20,1);
INSERT INTO ProductType(productTypeId,productID,size,color,price,wareHouseID,quantity,status)VALUES ('Pr31Ty2',31,'256GB','Silver',11540000,3,20,1);
INSERT INTO ProductType(productTypeId,productID,size,color,price,wareHouseID,quantity,status)VALUES ('Pr32Ty1',32,'128GB','Grey',6290000,3,20,1);
INSERT INTO ProductType(productTypeId,productID,size,color,price,wareHouseID,quantity,status)VALUES ('Pr32Ty2',32,'128GB','Blue',6290000,3,20,1);
INSERT INTO ProductType(productTypeId,productID,size,color,price,wareHouseID,quantity,status)VALUES ('Pr33Ty1',33,'None','Black',900000,4,20,1);
INSERT INTO ProductType(productTypeId,productID,size,color,price,wareHouseID,quantity,status)VALUES ('Pr34Ty1',34,'None','Yellow',370000,4,20,1);
INSERT INTO ProductType(productTypeId,productID,size,color,price,wareHouseID,quantity,status)VALUES ('Pr35Ty1',35,'None','Black',630000,4,20,1);
INSERT INTO ProductType(productTypeId,productID,size,color,price,wareHouseID,quantity,status)VALUES ('Pr36Ty1',36,'None','Black',300000,4,20,1);
INSERT INTO ProductType(productTypeId,productID,size,color,price,wareHouseID,quantity,status)VALUES ('Pr37Ty1',37,'None','Black',250000,4,20,1);
INSERT INTO ProductType(productTypeId,productID,size,color,price,wareHouseID,quantity,status)VALUES ('Pr38Ty1',38,'None','Black',950000,4,20,1);
INSERT INTO ProductType(productTypeId,productID,size,color,price,wareHouseID,quantity,status)VALUES ('Pr39Ty1',39,'None','Black',1600000,4,20,1);
INSERT INTO ProductType(productTypeId,productID,size,color,price,wareHouseID,quantity,status)VALUES ('Pr40Ty1',40,'None','Black',150000,4,20,1);
INSERT INTO ProductType(productTypeId,productID,size,color,price,wareHouseID,quantity,status)VALUES ('Pr41Ty1',41,'Inner Surface Area: approx. 35cm Outer Surface Area: approx. 52cm* Depth: approx. 50cm Total Depth without Base: approx. 55cm','Black-Gold',14990000,5,20,1);
INSERT INTO ProductType(productTypeId,productID,size,color,price,wareHouseID,quantity,status)VALUES ('Pr42Ty1',42,'Seat size: 20.86" W x 21.25" D','Black',3390000,5,20,1);
INSERT INTO ProductType(productTypeId,productID,size,color,price,wareHouseID,quantity,status)VALUES ('Pr43Ty1',43,'Seat size: 20.86" W x 21.25" D','Orange',3390000,5,20,1);
INSERT INTO ProductType(productTypeId,productID,size,color,price,wareHouseID,quantity,status)VALUES ('Pr44Ty1',44,'56 x 64 x 123-130 (cm)','Black',2290000,5,20,1);
INSERT INTO ProductType(productTypeId,productID,size,color,price,wareHouseID,quantity,status)VALUES ('Pr45Ty1',45,'56 x 64 x 123-130 (cm)','Black-Red',2290000,5,20,1);
INSERT INTO ProductType(productTypeId,productID,size,color,price,wareHouseID,quantity,status)VALUES ('Pr46Ty1',46,'660 x 550 x 1100 (mm)','Black',2990000,5,20,1);
INSERT INTO ProductType(productTypeId,productID,size,color,price,wareHouseID,quantity,status)VALUES ('Pr47Ty1',47,'Over-ear','Black',380000,5,20,1);
INSERT INTO ProductType(productTypeId,productID,size,color,price,wareHouseID,quantity,status)VALUES ('Pr48Ty1',48,'Over-ear','Black',340000,5,20,1);
INSERT INTO ProductType(productTypeId,productID,size,color,price,wareHouseID,quantity,status)VALUES ('Pr49Ty1',49,'Over-ear','Black',410000,5,20,1);
INSERT INTO ProductType(productTypeId,productID,size,color,price,wareHouseID,quantity,status)VALUES ('Pr49Ty2',49,'Over-ear','Pink',440000,5,20,1);
INSERT INTO ProductType(productTypeId,productID,size,color,price,wareHouseID,quantity,status)VALUES ('Pr50Ty1',50,'Over-ear','Black',490000,5,20,1);
INSERT INTO ProductType(productTypeId,productID,size,color,price,wareHouseID,quantity,status)VALUES ('Pr51Ty1',51,'Over-ear','Black',690000,5,20,1);
INSERT INTO ProductType(productTypeId,productID,size,color,price,wareHouseID,quantity,status)VALUES ('Pr52Ty1',52,'Over-ear','Black',790000,5,20,1);
INSERT INTO ProductType(productTypeId,productID,size,color,price,wareHouseID,quantity,status)VALUES ('Pr53Ty1',53,'116.6 x 62.15 x 38.2 (mm)','Black',400000,5,20,1);
INSERT INTO ProductType(productTypeId,productID,size,color,price,wareHouseID,quantity,status)VALUES ('Pr54Ty1',54,'136 x 72 x 41 (mm)','Black',640000,5,20,1);
INSERT INTO ProductType(productTypeId,productID,size,color,price,wareHouseID,quantity,status)VALUES ('Pr55Ty1',55,'132 x 75 x 40 (mm)','Black',990000,5,20,1);
INSERT INTO ProductType(productTypeId,productID,size,color,price,wareHouseID,quantity,status)VALUES ('Pr56Ty1',56,'118.3 x 53.5 x 38.3 (mm)','Black',880000,5,20,1);
INSERT INTO ProductType(productTypeId,productID,size,color,price,wareHouseID,quantity,status)VALUES ('Pr57Ty1',57,'127  x 61 x 42.7 (mm)','Black',1540000,5,20,1);
INSERT INTO ProductType(productTypeId,productID,size,color,price,wareHouseID,quantity,status)VALUES ('Pr58Ty1',58,'130 x 60 x 42 (mm)','Black',1890000,5,20,1);
INSERT INTO ProductType(productTypeId,productID,size,color,price,wareHouseID,quantity,status)VALUES ('Pr59Ty1',59,'365.58 x 145.21 x 19.5~37.7 (mm)','Dark Yellow',3590000,5,20,1);
INSERT INTO ProductType(productTypeId,productID,size,color,price,wareHouseID,quantity,status)VALUES ('Pr60Ty1',60,'365 x 171 x 41 (mm)','Black',2590000,5,20,1);
INSERT INTO ProductType(productTypeId,productID,size,color,price,wareHouseID,quantity,status)VALUES ('Pr61Ty1',61,'455 x 170  x 39 (mm)','Black',2750000,5,20,1);
INSERT INTO ProductType(productTypeId,productID,size,color,price,wareHouseID,quantity,status)VALUES ('Pr62Ty1',62,'4.07 x 11.56 x 1.45 (inches)','White',3090000,5,20,1);
INSERT INTO ProductType(productTypeId,productID,size,color,price,wareHouseID,quantity,status)VALUES ('Pr63Ty1',63,'1.94 x 17.69 x 6.22 (inches)','Black',4999000,5,20,1);
INSERT INTO ProductType(productTypeId,productID,size,color,price,wareHouseID,quantity,status)VALUES ('Pr64Ty1',64,'365 x 171 x 41 (mm)','Black',799000,5,20,1);
INSERT INTO ProductType(productTypeId,productID,size,color,price,wareHouseID,quantity,status)VALUES ('Pr65Ty1',65,'35 * 357 *129 (mm)','Pink-White',550000,5,20,1);
INSERT INTO ProductType(productTypeId,productID,size,color,price,wareHouseID,quantity,status)VALUES ('Pr66Ty1',66,'368 x 150 x 22 (mm)','Black',4440000,5,20,1);
INSERT INTO ProductType(productTypeId,productID,size,color,price,wareHouseID,quantity,status)VALUES ('Pr67Ty1',67,'475 x 150 x 22 (mm)','Black',3090000,5,20,1);
INSERT INTO ProductType(productTypeId,productID,size,color,price,wareHouseID,quantity,status)VALUES ('Pr68Ty1',68,'34 inch','Black',10890000,5,20,1);
INSERT INTO ProductType(productTypeId,productID,size,color,price,wareHouseID,quantity,status)VALUES ('Pr69Ty1',69,'27 inch','Black',10890000,5,20,1);
INSERT INTO ProductType(productTypeId,productID,size,color,price,wareHouseID,quantity,status)VALUES ('Pr70Ty1',70,'24.5 inch','Black',5900000,5,20,1);
INSERT INTO ProductType(productTypeId,productID,size,color,price,wareHouseID,quantity,status)VALUES ('Pr71Ty1',71,'24 inch','Black',4550000,5,20,1);
INSERT INTO ProductType(productTypeId,productID,size,color,price,wareHouseID,quantity,status)VALUES ('Pr72Ty1',72,'27 inch','Black',13490000,5,20,1);
INSERT INTO ProductType(productTypeId,productID,size,color,price,wareHouseID,quantity,status)VALUES ('Pr73Ty1',73,'27 inch','Black',10490000,5,20,1);
INSERT INTO ProductType(productTypeId,productID,size,color,price,wareHouseID,quantity,status)VALUES ('Pr74Ty1',74,'24 inch','Black',6550000,5,20,1);
INSERT INTO ProductType(productTypeId,productID,size,color,price,wareHouseID,quantity,status)VALUES ('Pr75Ty1',75,'None','Black',4190000,6,20,1);
INSERT INTO ProductType(productTypeId,productID,size,color,price,wareHouseID,quantity,status)VALUES ('Pr76Ty1',76,'None','Black-White',5559000,6,20,1);
INSERT INTO ProductType(productTypeId,productID,size,color,price,wareHouseID,quantity,status)VALUES ('Pr77Ty1',77,'None','Black',5889000,6,20,1);
INSERT INTO ProductType(productTypeId,productID,size,color,price,wareHouseID,quantity,status)VALUES ('Pr78Ty1',78,'1.57 x 1.57 x 0.24 (inches)','Black',5290000,6,20,1);
INSERT INTO ProductType(productTypeId,productID,size,color,price,wareHouseID,quantity,status)VALUES ('Pr79Ty1',79,'4 x 4 x 0.6 (cm)','Black',4390000,6,20,1);
INSERT INTO ProductType(productTypeId,productID,size,color,price,wareHouseID,quantity,status)VALUES ('Pr80Ty1',80,'1.57 x 1.57 x 0.24 (inches)','Black',3790000,6,20,1);
INSERT INTO ProductType(productTypeId,productID,size,color,price,wareHouseID,quantity,status)VALUES ('Pr81Ty1',81,'13.3 x 3.2 x 0.7 (cm)','Black',1090000,6,20,1);
INSERT INTO ProductType(productTypeId,productID,size,color,price,wareHouseID,quantity,status)VALUES ('Pr82Ty1',82,'133.35 x 34.1 x 7.2 (mm)','Black',1090000,6,20,1);
INSERT INTO ProductType(productTypeId,productID,size,color,price,wareHouseID,quantity,status)VALUES ('Pr83Ty1',83,'42 mm / 1.65 inch','Black',1090000,6,20,1);
INSERT INTO ProductType(productTypeId,productID,size,color,price,wareHouseID,quantity,status)VALUES ('Pr84Ty1',84,'31.9 x 14.0 x 7.0 (cm) ','Black',59589000,6,20,1);
INSERT INTO ProductType(productTypeId,productID,size,color,price,wareHouseID,quantity,status)VALUES ('Pr85Ty1',85,'29.3 x 13.3 x 5.2 (cm)','Black',56499000,6,20,1);
INSERT INTO ProductType(productTypeId,productID,size,color,price,wareHouseID,quantity,status)VALUES ('Pr86Ty1',86,'30.5 x 12.0 x 5.7 (cm)','Black',47999000,6,20,1);
INSERT INTO ProductType(productTypeId,productID,size,color,price,wareHouseID,quantity,status)VALUES ('Pr87Ty1',87,'6.8 (mm)','Black',1190000,6,20,1);
INSERT INTO ProductType(productTypeId,productID,size,color,price,wareHouseID,quantity,status)VALUES ('Pr88Ty1',88,'M.2 2280','Black',1190000,6,20,1);
INSERT INTO ProductType(productTypeId,productID,size,color,price,wareHouseID,quantity,status)VALUES ('Pr89Ty1',89,'80.15 x 22.15 x 2.38 (mm)','Black',1190000,6,20,1);
INSERT INTO ProductType(productTypeId,productID,size,color,price,wareHouseID,quantity,status)VALUES ('Pr90Ty1',90,'None','None',400000,6,20,1);


-- ShipCompany
INSERT INTO ShipCompany(companyName,unitCost,commitDate,status)VALUES ('J&T Express',1000,10,1);
INSERT INTO ShipCompany(companyName,unitCost,commitDate,status)VALUES ('GHTK',9000,10,1);
INSERT INTO ShipCompany(companyName,unitCost,commitDate,status)VALUES ('Viettel Post',9000,10,1);
INSERT INTO ShipCompany(companyName,unitCost,commitDate,status)VALUES ('giaohangnhanh',9000,10,1);
INSERT INTO ShipCompany(companyName,unitCost,commitDate,status)VALUES ('SuperShip',9000,10,1);


-- Galery
INSERT INTO Gallery(productID,productTypeID,link,status)VALUES (1,'Pr1Ty1','Pr1Ty1Ga1.jpg',1);
INSERT INTO Gallery(productID,productTypeID,link,status)VALUES (1,'Pr1Ty1','Pr1Ty1Ga2.jpg',1);
INSERT INTO Gallery(productID,productTypeID,link,status)VALUES (1,'Pr1Ty1','Pr1Ty1Ga3.jpg',1);
INSERT INTO Gallery(productID,productTypeID,link,status)VALUES (1,'Pr1Ty1','Pr1Ty1Ga4.jpg',1);
INSERT INTO Gallery(productID,productTypeID,link,status)VALUES (1,'Pr1Ty1','Pr1Ty1Ga5.jpg',1);
INSERT INTO Gallery(productID,productTypeID,link,status)VALUES (2,'Pr2Ty1','Pr2Ty1Ga1.jpg',1);
INSERT INTO Gallery(productID,productTypeID,link,status)VALUES (2,'Pr2Ty1','Pr2Ty1Ga2.jpg',1);
INSERT INTO Gallery(productID,productTypeID,link,status)VALUES (2,'Pr2Ty1','Pr2Ty1Ga3.jpg',1);
INSERT INTO Gallery(productID,productTypeID,link,status)VALUES (3,'Pr3Ty1','Pr3Ty1Ga1.jpg',1);
INSERT INTO Gallery(productID,productTypeID,link,status)VALUES (3,'Pr3Ty1','Pr3Ty1Ga2.jpg',1);
INSERT INTO Gallery(productID,productTypeID,link,status)VALUES (3,'Pr3Ty1','Pr3Ty1Ga3.jpg',1);
INSERT INTO Gallery(productID,productTypeID,link,status)VALUES (3,'Pr3Ty1','Pr3Ty1Ga4.jpg',1);
INSERT INTO Gallery(productID,productTypeID,link,status)VALUES (4,'Pr4Ty1','Pr4Ty1Ga1.jpg',1);
INSERT INTO Gallery(productID,productTypeID,link,status)VALUES (4,'Pr4Ty1','Pr4Ty1Ga2.jpg',1);
INSERT INTO Gallery(productID,productTypeID,link,status)VALUES (4,'Pr4Ty1','Pr4Ty1Ga3.jpg',1);
INSERT INTO Gallery(productID,productTypeID,link,status)VALUES (4,'Pr4Ty1','Pr4Ty1Ga4.jpg',1);
INSERT INTO Gallery(productID,productTypeID,link,status)VALUES (5,'Pr5Ty1','Pr5Ty1Ga1.jpg',1);
INSERT INTO Gallery(productID,productTypeID,link,status)VALUES (5,'Pr5Ty1','Pr5Ty1Ga2.jpg',1);
INSERT INTO Gallery(productID,productTypeID,link,status)VALUES (5,'Pr5Ty2','Pr5Ty2Ga1.jpg',1);
INSERT INTO Gallery(productID,productTypeID,link,status)VALUES (5,'Pr5Ty2','Pr5Ty2Ga2.jpg',1);
INSERT INTO Gallery(productID,productTypeID,link,status)VALUES (5,'Pr5Ty3','Pr5Ty3Ga1.jpg',1);
INSERT INTO Gallery(productID,productTypeID,link,status)VALUES (5,'Pr5Ty3','Pr5Ty3Ga2.jpg',1);
INSERT INTO Gallery(productID,productTypeID,link,status)VALUES (6,'Pr6Ty1','Pr6Ty1Ga1.jpg',1);
INSERT INTO Gallery(productID,productTypeID,link,status)VALUES (6,'Pr6Ty1','Pr6Ty1Ga2.jpg',1);
INSERT INTO Gallery(productID,productTypeID,link,status)VALUES (6,'Pr6Ty1','Pr6Ty1Ga3.jpg',1);
INSERT INTO Gallery(productID,productTypeID,link,status)VALUES (6,'Pr6Ty1','Pr6Ty1Ga4.jpg',1);
INSERT INTO Gallery(productID,productTypeID,link,status)VALUES (7,'Pr7Ty1','Pr7Ty1Ga1.jpg',1);
INSERT INTO Gallery(productID,productTypeID,link,status)VALUES (7,'Pr7Ty1','Pr7Ty1Ga2.jpg',1);
INSERT INTO Gallery(productID,productTypeID,link,status)VALUES (7,'Pr7Ty1','Pr7Ty1Ga3.jpg',1);
INSERT INTO Gallery(productID,productTypeID,link,status)VALUES (7,'Pr7Ty1','Pr7Ty1Ga4.jpg',1);
INSERT INTO Gallery(productID,productTypeID,link,status)VALUES (8,'Pr8Ty1','Pr8Ty1Ga1.jpg',1);
INSERT INTO Gallery(productID,productTypeID,link,status)VALUES (8,'Pr8Ty1','Pr8Ty1Ga2.jpg',1);
INSERT INTO Gallery(productID,productTypeID,link,status)VALUES (8,'Pr8Ty1','Pr8Ty1Ga3.jpg',1);
INSERT INTO Gallery(productID,productTypeID,link,status)VALUES (8,'Pr8Ty1','Pr8Ty1Ga4.jpg',1);
INSERT INTO Gallery(productID,productTypeID,link,status)VALUES (9,'Pr9Ty1','Pr9Ty1Ga1.jpg',1);
INSERT INTO Gallery(productID,productTypeID,link,status)VALUES (9,'Pr9Ty1','Pr9Ty1Ga2.jpg',1);
INSERT INTO Gallery(productID,productTypeID,link,status)VALUES (9,'Pr9Ty1','Pr9Ty1Ga3.jpg',1);
INSERT INTO Gallery(productID,productTypeID,link,status)VALUES (10,'Pr10Ty1','Pr10Ty1Ga1.jpg',1);
INSERT INTO Gallery(productID,productTypeID,link,status)VALUES (10,'Pr10Ty1','Pr10Ty1Ga2.jpg',1);
INSERT INTO Gallery(productID,productTypeID,link,status)VALUES (10,'Pr10Ty1','Pr10Ty1Ga3.jpg',1);
INSERT INTO Gallery(productID,productTypeID,link,status)VALUES (11,'Pr11Ty1','Pr11Ty1Ga1.jpg',1);
INSERT INTO Gallery(productID,productTypeID,link,status)VALUES (11,'Pr11Ty1','Pr11Ty1Ga2.jpg',1);
INSERT INTO Gallery(productID,productTypeID,link,status)VALUES (11,'Pr11Ty1','Pr11Ty1Ga3.jpg',1);
INSERT INTO Gallery(productID,productTypeID,link,status)VALUES (11,'Pr11Ty1','Pr11Ty1Ga4.jpg',1);
INSERT INTO Gallery(productID,productTypeID,link,status)VALUES (12,'Pr12Ty1','Pr12Ty1Ga1.jpg',1);
INSERT INTO Gallery(productID,productTypeID,link,status)VALUES (12,'Pr12Ty1','Pr12Ty1Ga2.jpg',1);
INSERT INTO Gallery(productID,productTypeID,link,status)VALUES (12,'Pr12Ty1','Pr12Ty1Ga3.jpg',1);
INSERT INTO Gallery(productID,productTypeID,link,status)VALUES (12,'Pr12Ty1','Pr12Ty1Ga4.jpg',1);
INSERT INTO Gallery(productID,productTypeID,link,status)VALUES (13,'Pr13Ty1','Pr13Ty1Ga1.jpg',1);
INSERT INTO Gallery(productID,productTypeID,link,status)VALUES (13,'Pr13Ty2','Pr13Ty2Ga1.jpg',1);
INSERT INTO Gallery(productID,productTypeID,link,status)VALUES (13,'Pr13Ty3','Pr13Ty3Ga1.jpg',1);
INSERT INTO Gallery(productID,productTypeID,link,status)VALUES (13,'Pr13Ty4','Pr13Ty4Ga1.jpg',1);
INSERT INTO Gallery(productID,productTypeID,link,status)VALUES (13,'Pr13Ty5','Pr13Ty5Ga1.jpg',1);
INSERT INTO Gallery(productID,productTypeID,link,status)VALUES (13,'Pr13Ty6','Pr13Ty6Ga1.jpg',1);
INSERT INTO Gallery(productID,productTypeID,link,status)VALUES (13,'Pr13Ty7','Pr13Ty7Ga1.jpg',1);
INSERT INTO Gallery(productID,productTypeID,link,status)VALUES (13,'Pr13Ty8','Pr13Ty8Ga1.jpg',1);
INSERT INTO Gallery(productID,productTypeID,link,status)VALUES (13,'Pr13Ty9','Pr13Ty9Ga1.jpg',1);
INSERT INTO Gallery(productID,productTypeID,link,status)VALUES (13,'Pr13Ty10','Pr13Ty10Ga1.jpg',1);
INSERT INTO Gallery(productID,productTypeID,link,status)VALUES (13,'Pr13Ty11','Pr13Ty11Ga1.jpg',1);
INSERT INTO Gallery(productID,productTypeID,link,status)VALUES (13,'Pr13Ty12','Pr13Ty12Ga1.jpg',1);
INSERT INTO Gallery(productID,productTypeID,link,status)VALUES (14,'Pr14Ty1','Pr14Ty1Ga1.jpg',1);
INSERT INTO Gallery(productID,productTypeID,link,status)VALUES (14,'Pr14Ty2','Pr14Ty2Ga1.jpg',1);
INSERT INTO Gallery(productID,productTypeID,link,status)VALUES (14,'Pr14Ty3','Pr14Ty3Ga1.jpg',1);
INSERT INTO Gallery(productID,productTypeID,link,status)VALUES (14,'Pr14Ty4','Pr14Ty4Ga1.jpg',1);
INSERT INTO Gallery(productID,productTypeID,link,status)VALUES (14,'Pr14Ty5','Pr14Ty5Ga1.jpg',1);
INSERT INTO Gallery(productID,productTypeID,link,status)VALUES (14,'Pr14Ty6','Pr14Ty6Ga1.jpg',1);
INSERT INTO Gallery(productID,productTypeID,link,status)VALUES (14,'Pr14Ty7','Pr14Ty7Ga1.jpg',1);
INSERT INTO Gallery(productID,productTypeID,link,status)VALUES (14,'Pr14Ty8','Pr14Ty8Ga1.jpg',1);
INSERT INTO Gallery(productID,productTypeID,link,status)VALUES (15,'Pr15Ty1','Pr15Ty1Ga1.jpg',1);
INSERT INTO Gallery(productID,productTypeID,link,status)VALUES (15,'Pr15Ty2','Pr15Ty2Ga1.jpg',1);
INSERT INTO Gallery(productID,productTypeID,link,status)VALUES (15,'Pr15Ty3','Pr15Ty3Ga1.jpg',1);
INSERT INTO Gallery(productID,productTypeID,link,status)VALUES (15,'Pr15Ty4','Pr15Ty4Ga1.jpg',1);
INSERT INTO Gallery(productID,productTypeID,link,status)VALUES (15,'Pr15Ty5','Pr15Ty5Ga1.jpg',1);
INSERT INTO Gallery(productID,productTypeID,link,status)VALUES (15,'Pr15Ty6','Pr15Ty6Ga1.jpg',1);
INSERT INTO Gallery(productID,productTypeID,link,status)VALUES (15,'Pr15Ty7','Pr15Ty7Ga1.jpg',1);
INSERT INTO Gallery(productID,productTypeID,link,status)VALUES (15,'Pr15Ty8','Pr15Ty8Ga1.jpg',1);
INSERT INTO Gallery(productID,productTypeID,link,status)VALUES (16,'Pr16Ty1','Pr16Ty1Ga1.jpg',1);
INSERT INTO Gallery(productID,productTypeID,link,status)VALUES (16,'Pr16Ty2','Pr16Ty2Ga1.jpg',1);
INSERT INTO Gallery(productID,productTypeID,link,status)VALUES (16,'Pr16Ty3','Pr16Ty3Ga1.jpg',1);
INSERT INTO Gallery(productID,productTypeID,link,status)VALUES (16,'Pr16Ty4','Pr16Ty4Ga1.jpg',1);
INSERT INTO Gallery(productID,productTypeID,link,status)VALUES (16,'Pr16Ty5','Pr16Ty5Ga1.jpg',1);
INSERT INTO Gallery(productID,productTypeID,link,status)VALUES (16,'Pr16Ty6','Pr16Ty6Ga1.jpg',1);
INSERT INTO Gallery(productID,productTypeID,link,status)VALUES (16,'Pr16Ty7','Pr16Ty7Ga1.jpg',1);
INSERT INTO Gallery(productID,productTypeID,link,status)VALUES (16,'Pr16Ty8','Pr16Ty8Ga1.jpg',1);
INSERT INTO Gallery(productID,productTypeID,link,status)VALUES (16,'Pr16Ty9','Pr16Ty9Ga1.jpg',1);
INSERT INTO Gallery(productID,productTypeID,link,status)VALUES (16,'Pr16Ty10','Pr16Ty10Ga1.jpg',1);
INSERT INTO Gallery(productID,productTypeID,link,status)VALUES (16,'Pr16Ty11','Pr16Ty11Ga1.jpg',1);
INSERT INTO Gallery(productID,productTypeID,link,status)VALUES (16,'Pr16Ty12','Pr16Ty12Ga1.jpg',1);
INSERT INTO Gallery(productID,productTypeID,link,status)VALUES (17,'Pr17Ty1','Pr17Ty1Ga1.jpg',1);
INSERT INTO Gallery(productID,productTypeID,link,status)VALUES (17,'Pr17Ty2','Pr17Ty2Ga1.jpg',1);
INSERT INTO Gallery(productID,productTypeID,link,status)VALUES (17,'Pr17Ty3','Pr17Ty3Ga1.jpg',1);
INSERT INTO Gallery(productID,productTypeID,link,status)VALUES (17,'Pr17Ty4','Pr17Ty4Ga1.jpg',1);
INSERT INTO Gallery(productID,productTypeID,link,status)VALUES (17,'Pr17Ty5','Pr17Ty5Ga1.jpg',1);
INSERT INTO Gallery(productID,productTypeID,link,status)VALUES (17,'Pr17Ty6','Pr17Ty6Ga1.jpg',1);
INSERT INTO Gallery(productID,productTypeID,link,status)VALUES (17,'Pr17Ty7','Pr17Ty7Ga1.jpg',1);
INSERT INTO Gallery(productID,productTypeID,link,status)VALUES (17,'Pr17Ty8','Pr17Ty8Ga1.jpg',1);
INSERT INTO Gallery(productID,productTypeID,link,status)VALUES (17,'Pr17Ty9','Pr17Ty9Ga1.jpg',1);
INSERT INTO Gallery(productID,productTypeID,link,status)VALUES (17,'Pr17Ty10','Pr17Ty10Ga1.jpg',1);
INSERT INTO Gallery(productID,productTypeID,link,status)VALUES (17,'Pr17Ty11','Pr17Ty11Ga1.jpg',1);
INSERT INTO Gallery(productID,productTypeID,link,status)VALUES (17,'Pr17Ty12','Pr17Ty12Ga1.jpg',1);
INSERT INTO Gallery(productID,productTypeID,link,status)VALUES (18,'Pr18Ty1','Pr18Ty1Ga1.jpg',1);
INSERT INTO Gallery(productID,productTypeID,link,status)VALUES (18,'Pr18Ty2','Pr18Ty2Ga1.jpg',1);
INSERT INTO Gallery(productID,productTypeID,link,status)VALUES (18,'Pr18Ty3','Pr18Ty3Ga1.jpg',1);
INSERT INTO Gallery(productID,productTypeID,link,status)VALUES (18,'Pr18Ty4','Pr18Ty4Ga1.jpg',1);
INSERT INTO Gallery(productID,productTypeID,link,status)VALUES (19,'Pr19Ty1','Pr19Ty1Ga1.jpg',1);
INSERT INTO Gallery(productID,productTypeID,link,status)VALUES (19,'Pr19Ty2','Pr19Ty2Ga1.jpg',1);
INSERT INTO Gallery(productID,productTypeID,link,status)VALUES (19,'Pr19Ty3','Pr19Ty3Ga1.jpg',1);
INSERT INTO Gallery(productID,productTypeID,link,status)VALUES (20,'Pr20Ty1','Pr20Ty1Ga1.jpg',1);
INSERT INTO Gallery(productID,productTypeID,link,status)VALUES (20,'Pr20Ty2','Pr20Ty2Ga1.jpg',1);
INSERT INTO Gallery(productID,productTypeID,link,status)VALUES (20,'Pr20Ty3','Pr20Ty3Ga1.jpg',1);
INSERT INTO Gallery(productID,productTypeID,link,status)VALUES (20,'Pr20Ty4','Pr20Ty4Ga1.jpg',1);
INSERT INTO Gallery(productID,productTypeID,link,status)VALUES (20,'Pr20Ty5','Pr20Ty5Ga1.jpg',1);
INSERT INTO Gallery(productID,productTypeID,link,status)VALUES (20,'Pr20Ty6','Pr20Ty6Ga1.jpg',1);
INSERT INTO Gallery(productID,productTypeID,link,status)VALUES (21,'Pr21Ty1','Pr21Ty1Ga1.jpg',1);
INSERT INTO Gallery(productID,productTypeID,link,status)VALUES (21,'Pr21Ty2','Pr21Ty2Ga1.jpg',1);
INSERT INTO Gallery(productID,productTypeID,link,status)VALUES (22,'Pr22Ty1','Pr22Ty1Ga1.jpg',1);
INSERT INTO Gallery(productID,productTypeID,link,status)VALUES (22,'Pr22Ty2','Pr22Ty2Ga1.jpg',1);
INSERT INTO Gallery(productID,productTypeID,link,status)VALUES (22,'Pr22Ty3','Pr22Ty3Ga1.jpg',1);
INSERT INTO Gallery(productID,productTypeID,link,status)VALUES (23,'Pr23Ty1','Pr23Ty1Ga1.jpg',1);
INSERT INTO Gallery(productID,productTypeID,link,status)VALUES (23,'Pr23Ty2','Pr23Ty2Ga1.jpg',1);
INSERT INTO Gallery(productID,productTypeID,link,status)VALUES (24,'Pr24Ty1','Pr24Ty1Ga1.jpg',1);
INSERT INTO Gallery(productID,productTypeID,link,status)VALUES (24,'Pr24Ty2','Pr24Ty2Ga1.jpg',1);
INSERT INTO Gallery(productID,productTypeID,link,status)VALUES (24,'Pr24Ty3','Pr24Ty3Ga1.jpg',1);
INSERT INTO Gallery(productID,productTypeID,link,status)VALUES (25,'Pr25Ty1','Pr25Ty1Ga1.jpg',1);
INSERT INTO Gallery(productID,productTypeID,link,status)VALUES (25,'Pr25Ty2','Pr25Ty2Ga1.jpg',1);
INSERT INTO Gallery(productID,productTypeID,link,status)VALUES (26,'Pr26Ty1','Pr26Ty1Ga1.jpg',1);
INSERT INTO Gallery(productID,productTypeID,link,status)VALUES (26,'Pr26Ty2','Pr26Ty2Ga1.jpg',1);
INSERT INTO Gallery(productID,productTypeID,link,status)VALUES (27,'Pr27Ty1','Pr27Ty1Ga1.jpg',1);
INSERT INTO Gallery(productID,productTypeID,link,status)VALUES (27,'Pr27Ty2','Pr27Ty2Ga1.jpg',1);
INSERT INTO Gallery(productID,productTypeID,link,status)VALUES (28,'Pr28Ty1','Pr28Ty1Ga1.jpg',1);
INSERT INTO Gallery(productID,productTypeID,link,status)VALUES (28,'Pr28Ty2','Pr28Ty2Ga1.jpg',1);
INSERT INTO Gallery(productID,productTypeID,link,status)VALUES (29,'Pr29Ty1','Pr29Ty1Ga1.jpg',1);
INSERT INTO Gallery(productID,productTypeID,link,status)VALUES (29,'Pr29Ty2','Pr29Ty2Ga1.jpg',1);
INSERT INTO Gallery(productID,productTypeID,link,status)VALUES (30,'Pr30Ty1','Pr30Ty1Ga1.jpg',1);
INSERT INTO Gallery(productID,productTypeID,link,status)VALUES (30,'Pr30Ty2','Pr30Ty2Ga1.jpg',1);
INSERT INTO Gallery(productID,productTypeID,link,status)VALUES (31,'Pr31Ty1','Pr31Ty1Ga1.jpg',1);
INSERT INTO Gallery(productID,productTypeID,link,status)VALUES (31,'Pr31Ty2','Pr31Ty2Ga1.jpg',1);
INSERT INTO Gallery(productID,productTypeID,link,status)VALUES (32,'Pr32Ty1','Pr32Ty1Ga1.jpg',1);
INSERT INTO Gallery(productID,productTypeID,link,status)VALUES (32,'Pr32Ty2','Pr32Ty2Ga1.jpg',1);
INSERT INTO Gallery(productID,productTypeID,link,status)VALUES (33,'Pr33Ty1','Pr33Ty1Ga1.jpg',1);
INSERT INTO Gallery(productID,productTypeID,link,status)VALUES (34,'Pr34Ty1','Pr34Ty1Ga1.jpg',1);
INSERT INTO Gallery(productID,productTypeID,link,status)VALUES (35,'Pr35Ty1','Pr35Ty1Ga1.jpg',1);
INSERT INTO Gallery(productID,productTypeID,link,status)VALUES (36,'Pr36Ty1','Pr36Ty1Ga1.jpg',1);
INSERT INTO Gallery(productID,productTypeID,link,status)VALUES (37,'Pr37Ty1','Pr37Ty1Ga1.jpg',1);
INSERT INTO Gallery(productID,productTypeID,link,status)VALUES (38,'Pr38Ty1','Pr38Ty1Ga1.jpg',1);
INSERT INTO Gallery(productID,productTypeID,link,status)VALUES (39,'Pr39Ty1','Pr39Ty1Ga1.jpg',1);
INSERT INTO Gallery(productID,productTypeID,link,status)VALUES (40,'Pr40Ty1','Pr40Ty1Ga1.jpg',1);
INSERT INTO Gallery(productID,productTypeID,link,status)VALUES (41,'Pr41Ty1','Pr41Ty1Ga1.jpg',1);
INSERT INTO Gallery(productID,productTypeID,link,status)VALUES (41,'Pr41Ty1','Pr41Ty1Ga2.jpg',1);
INSERT INTO Gallery(productID,productTypeID,link,status)VALUES (41,'Pr41Ty1','Pr41Ty1Ga3.jpg',1);
INSERT INTO Gallery(productID,productTypeID,link,status)VALUES (41,'Pr41Ty1','Pr41Ty1Ga4.jpg',1);
INSERT INTO Gallery(productID,productTypeID,link,status)VALUES (42,'Pr42Ty1','Pr42Ty1Ga1.jpg',1);
INSERT INTO Gallery(productID,productTypeID,link,status)VALUES (42,'Pr42Ty1','Pr42Ty1Ga2.jpg',1);
INSERT INTO Gallery(productID,productTypeID,link,status)VALUES (42,'Pr42Ty1','Pr42Ty1Ga3.jpg',1);
INSERT INTO Gallery(productID,productTypeID,link,status)VALUES (43,'Pr43Ty1','Pr43Ty1Ga1.jpg',1);
INSERT INTO Gallery(productID,productTypeID,link,status)VALUES (43,'Pr43Ty1','Pr43Ty1Ga2.jpg',1);
INSERT INTO Gallery(productID,productTypeID,link,status)VALUES (43,'Pr43Ty1','Pr43Ty1Ga3.jpg',1);
INSERT INTO Gallery(productID,productTypeID,link,status)VALUES (43,'Pr43Ty1','Pr43Ty1Ga4.jpg',1);
INSERT INTO Gallery(productID,productTypeID,link,status)VALUES (44,'Pr44Ty1','Pr44Ty1Ga1.jpg',1);
INSERT INTO Gallery(productID,productTypeID,link,status)VALUES (44,'Pr44Ty1','Pr44Ty1Ga2.jpg',1);
INSERT INTO Gallery(productID,productTypeID,link,status)VALUES (44,'Pr44Ty1','Pr44Ty1Ga3.jpg',1);
INSERT INTO Gallery(productID,productTypeID,link,status)VALUES (45,'Pr45Ty1','Pr45Ty1Ga1.jpg',1);
INSERT INTO Gallery(productID,productTypeID,link,status)VALUES (45,'Pr45Ty1','Pr45Ty1Ga2.jpg',1);
INSERT INTO Gallery(productID,productTypeID,link,status)VALUES (46,'Pr46Ty1','Pr46Ty1Ga1.jpg',1);
INSERT INTO Gallery(productID,productTypeID,link,status)VALUES (46,'Pr46Ty1','Pr46Ty1Ga2.jpg',1);
INSERT INTO Gallery(productID,productTypeID,link,status)VALUES (46,'Pr46Ty1','Pr46Ty1Ga3.jpg',1);
INSERT INTO Gallery(productID,productTypeID,link,status)VALUES (46,'Pr46Ty1','Pr46Ty1Ga4.jpg',1);
INSERT INTO Gallery(productID,productTypeID,link,status)VALUES (47,'Pr47Ty1','Pr47Ty1Ga1.jpg',1);
INSERT INTO Gallery(productID,productTypeID,link,status)VALUES (48,'Pr48Ty1','Pr48Ty1Ga1.jpg',1);
INSERT INTO Gallery(productID,productTypeID,link,status)VALUES (48,'Pr48Ty1','Pr48Ty1Ga2.jpg',1);
INSERT INTO Gallery(productID,productTypeID,link,status)VALUES (49,'Pr49Ty1','Pr49Ty1Ga1.jpg',1);
INSERT INTO Gallery(productID,productTypeID,link,status)VALUES (49,'Pr49Ty2','Pr49Ty2Ga1.jpg',1);
INSERT INTO Gallery(productID,productTypeID,link,status)VALUES (50,'Pr50Ty1','Pr50Ty1Ga1.jpg',1);
INSERT INTO Gallery(productID,productTypeID,link,status)VALUES (50,'Pr50Ty1','Pr50Ty1Ga2.jpg',1);
INSERT INTO Gallery(productID,productTypeID,link,status)VALUES (50,'Pr50Ty1','Pr50Ty1Ga3.jpg',1);
INSERT INTO Gallery(productID,productTypeID,link,status)VALUES (50,'Pr50Ty1','Pr50Ty1Ga4.jpg',1);
INSERT INTO Gallery(productID,productTypeID,link,status)VALUES (51,'Pr51Ty1','Pr51Ty1Ga1.jpg',1);
INSERT INTO Gallery(productID,productTypeID,link,status)VALUES (51,'Pr51Ty1','Pr51Ty1Ga2.jpg',1);
INSERT INTO Gallery(productID,productTypeID,link,status)VALUES (52,'Pr52Ty1','Pr52Ty1Ga1.jpg',1);
INSERT INTO Gallery(productID,productTypeID,link,status)VALUES (53,'Pr53Ty1','Pr53Ty1Ga1.jpg',1);
INSERT INTO Gallery(productID,productTypeID,link,status)VALUES (53,'Pr53Ty1','Pr53Ty1Ga2.jpg',1);
INSERT INTO Gallery(productID,productTypeID,link,status)VALUES (54,'Pr54Ty1','Pr54Ty1Ga1.jpg',1);
INSERT INTO Gallery(productID,productTypeID,link,status)VALUES (54,'Pr54Ty1','Pr54Ty1Ga2.jpg',1);
INSERT INTO Gallery(productID,productTypeID,link,status)VALUES (54,'Pr54Ty1','Pr54Ty1Ga3.jpg',1);
INSERT INTO Gallery(productID,productTypeID,link,status)VALUES (55,'Pr55Ty1','Pr55Ty1Ga1.jpg',1);
INSERT INTO Gallery(productID,productTypeID,link,status)VALUES (55,'Pr55Ty1','Pr55Ty1Ga2.jpg',1);
INSERT INTO Gallery(productID,productTypeID,link,status)VALUES (55,'Pr55Ty1','Pr55Ty1Ga3.jpg',1);
INSERT INTO Gallery(productID,productTypeID,link,status)VALUES (56,'Pr56Ty1','Pr56Ty1Ga1.jpg',1);
INSERT INTO Gallery(productID,productTypeID,link,status)VALUES (56,'Pr56Ty1','Pr56Ty1Ga2.jpg',1);
INSERT INTO Gallery(productID,productTypeID,link,status)VALUES (56,'Pr56Ty1','Pr56Ty1Ga3.jpg',1);
INSERT INTO Gallery(productID,productTypeID,link,status)VALUES (57,'Pr57Ty1','Pr57Ty1Ga1.jpg',1);
INSERT INTO Gallery(productID,productTypeID,link,status)VALUES (58,'Pr58Ty1','Pr58Ty1Ga1.jpg',1);
INSERT INTO Gallery(productID,productTypeID,link,status)VALUES (59,'Pr59Ty1','Pr59Ty1Ga1.jpg',1);
INSERT INTO Gallery(productID,productTypeID,link,status)VALUES (59,'Pr59Ty1','Pr59Ty1Ga2.jpg',1);
INSERT INTO Gallery(productID,productTypeID,link,status)VALUES (60,'Pr60Ty1','Pr60Ty1Ga1.jpg',1);
INSERT INTO Gallery(productID,productTypeID,link,status)VALUES (60,'Pr60Ty1','Pr60Ty1Ga2.jpg',1);
INSERT INTO Gallery(productID,productTypeID,link,status)VALUES (60,'Pr60Ty1','Pr60Ty1Ga3.jpg',1);
INSERT INTO Gallery(productID,productTypeID,link,status)VALUES (60,'Pr60Ty1','Pr60Ty1Ga4.jpg',1);
INSERT INTO Gallery(productID,productTypeID,link,status)VALUES (61,'Pr61Ty1','Pr61Ty1Ga1.jpg',1);
INSERT INTO Gallery(productID,productTypeID,link,status)VALUES (61,'Pr61Ty1','Pr61Ty1Ga2.jpg',1);
INSERT INTO Gallery(productID,productTypeID,link,status)VALUES (61,'Pr61Ty1','Pr61Ty1Ga3.jpg',1);
INSERT INTO Gallery(productID,productTypeID,link,status)VALUES (62,'Pr62Ty1','Pr62Ty1Ga1.jpg',1);
INSERT INTO Gallery(productID,productTypeID,link,status)VALUES (62,'Pr62Ty1','Pr62Ty1Ga2.jpg',1);
INSERT INTO Gallery(productID,productTypeID,link,status)VALUES (62,'Pr62Ty1','Pr62Ty1Ga3.jpg',1);
INSERT INTO Gallery(productID,productTypeID,link,status)VALUES (63,'Pr63Ty1','Pr63Ty1Ga1.jpg',1);
INSERT INTO Gallery(productID,productTypeID,link,status)VALUES (63,'Pr63Ty1','Pr63Ty1Ga2.jpg',1);
INSERT INTO Gallery(productID,productTypeID,link,status)VALUES (63,'Pr63Ty1','Pr63Ty1Ga3.jpg',1);
INSERT INTO Gallery(productID,productTypeID,link,status)VALUES (64,'Pr64Ty1','Pr64Ty1Ga1.jpg',1);
INSERT INTO Gallery(productID,productTypeID,link,status)VALUES (64,'Pr64Ty1','Pr64Ty1Ga2.jpg',1);
INSERT INTO Gallery(productID,productTypeID,link,status)VALUES (64,'Pr64Ty1','Pr64Ty1Ga3.jpg',1);
INSERT INTO Gallery(productID,productTypeID,link,status)VALUES (64,'Pr64Ty1','Pr64Ty1Ga4.jpg',1);
INSERT INTO Gallery(productID,productTypeID,link,status)VALUES (65,'Pr65Ty1','Pr65Ty1Ga1.jpg',1);
INSERT INTO Gallery(productID,productTypeID,link,status)VALUES (65,'Pr65Ty1','Pr65Ty1Ga2.jpg',1);
INSERT INTO Gallery(productID,productTypeID,link,status)VALUES (66,'Pr66Ty1','Pr66Ty1Ga1.jpg',1);
INSERT INTO Gallery(productID,productTypeID,link,status)VALUES (66,'Pr66Ty1','Pr66Ty1Ga2.jpg',1);
INSERT INTO Gallery(productID,productTypeID,link,status)VALUES (66,'Pr66Ty1','Pr66Ty1Ga3.jpg',1);
INSERT INTO Gallery(productID,productTypeID,link,status)VALUES (66,'Pr66Ty1','Pr66Ty1Ga4.jpg',1);
INSERT INTO Gallery(productID,productTypeID,link,status)VALUES (67,'Pr67Ty1','Pr67Ty1Ga1.jpg',1);
INSERT INTO Gallery(productID,productTypeID,link,status)VALUES (67,'Pr67Ty1','Pr67Ty1Ga2.jpg',1);
INSERT INTO Gallery(productID,productTypeID,link,status)VALUES (67,'Pr67Ty1','Pr67Ty1Ga3.jpg',1);
INSERT INTO Gallery(productID,productTypeID,link,status)VALUES (67,'Pr67Ty1','Pr67Ty1Ga4.jpg',1);
INSERT INTO Gallery(productID,productTypeID,link,status)VALUES (68,'Pr68Ty1','Pr68Ty1Ga1.jpg',1);
INSERT INTO Gallery(productID,productTypeID,link,status)VALUES (68,'Pr68Ty1','Pr68Ty1Ga2.jpg',1);
INSERT INTO Gallery(productID,productTypeID,link,status)VALUES (68,'Pr68Ty1','Pr68Ty1Ga3.jpg',1);
INSERT INTO Gallery(productID,productTypeID,link,status)VALUES (69,'Pr69Ty1','Pr69Ty1Ga1.jpg',1);
INSERT INTO Gallery(productID,productTypeID,link,status)VALUES (69,'Pr69Ty1','Pr69Ty1Ga2.jpg',1);
INSERT INTO Gallery(productID,productTypeID,link,status)VALUES (69,'Pr69Ty1','Pr69Ty1Ga3.jpg',1);
INSERT INTO Gallery(productID,productTypeID,link,status)VALUES (69,'Pr69Ty1','Pr69Ty1Ga4.jpg',1);
INSERT INTO Gallery(productID,productTypeID,link,status)VALUES (70,'Pr70Ty1','Pr70Ty1Ga1.jpg',1);
INSERT INTO Gallery(productID,productTypeID,link,status)VALUES (70,'Pr70Ty1','Pr70Ty1Ga2.jpg',1);
INSERT INTO Gallery(productID,productTypeID,link,status)VALUES (70,'Pr70Ty1','Pr70Ty1Ga3.jpg',1);
INSERT INTO Gallery(productID,productTypeID,link,status)VALUES (70,'Pr70Ty1','Pr70Ty1Ga4.jpg',1);
INSERT INTO Gallery(productID,productTypeID,link,status)VALUES (71,'Pr71Ty1','Pr71Ty1Ga1.jpg',1);
INSERT INTO Gallery(productID,productTypeID,link,status)VALUES (71,'Pr71Ty1','Pr71Ty1Ga2.jpg',1);
INSERT INTO Gallery(productID,productTypeID,link,status)VALUES (71,'Pr71Ty1','Pr71Ty1Ga3.jpg',1);
INSERT INTO Gallery(productID,productTypeID,link,status)VALUES (72,'Pr72Ty1','Pr72Ty1Ga1.jpg',1);
INSERT INTO Gallery(productID,productTypeID,link,status)VALUES (72,'Pr72Ty1','Pr72Ty1Ga2.jpg',1);
INSERT INTO Gallery(productID,productTypeID,link,status)VALUES (72,'Pr72Ty1','Pr72Ty1Ga3.jpg',1);
INSERT INTO Gallery(productID,productTypeID,link,status)VALUES (73,'Pr73Ty1','Pr73Ty1Ga1.jpg',1);
INSERT INTO Gallery(productID,productTypeID,link,status)VALUES (73,'Pr73Ty1','Pr73Ty1Ga2.jpg',1);
INSERT INTO Gallery(productID,productTypeID,link,status)VALUES (73,'Pr73Ty1','Pr73Ty1Ga3.jpg',1);
INSERT INTO Gallery(productID,productTypeID,link,status)VALUES (74,'Pr74Ty1','Pr74Ty1Ga1.jpg',1);
INSERT INTO Gallery(productID,productTypeID,link,status)VALUES (74,'Pr74Ty1','Pr74Ty1Ga2.jpg',1);
INSERT INTO Gallery(productID,productTypeID,link,status)VALUES (74,'Pr74Ty1','Pr74Ty1Ga3.jpg',1);
INSERT INTO Gallery(productID,productTypeID,link,status)VALUES (75,'Pr75Ty1','Pr75Ty1Ga1.jpg',1);
INSERT INTO Gallery(productID,productTypeID,link,status)VALUES (75,'Pr75Ty1','Pr75Ty1Ga2.jpg',1);
INSERT INTO Gallery(productID,productTypeID,link,status)VALUES (75,'Pr75Ty1','Pr75Ty1Ga3.jpg',1);
INSERT INTO Gallery(productID,productTypeID,link,status)VALUES (76,'Pr76Ty1','Pr76Ty1Ga1.jpg',1);
INSERT INTO Gallery(productID,productTypeID,link,status)VALUES (76,'Pr76Ty1','Pr76Ty1Ga2.jpg',1);
INSERT INTO Gallery(productID,productTypeID,link,status)VALUES (76,'Pr76Ty1','Pr76Ty1Ga3.jpg',1);
INSERT INTO Gallery(productID,productTypeID,link,status)VALUES (77,'Pr77Ty1','Pr77Ty1Ga1.jpg',1);
INSERT INTO Gallery(productID,productTypeID,link,status)VALUES (77,'Pr77Ty1','Pr77Ty1Ga2.jpg',1);
INSERT INTO Gallery(productID,productTypeID,link,status)VALUES (77,'Pr77Ty1','Pr77Ty1Ga3.jpg',1);
INSERT INTO Gallery(productID,productTypeID,link,status)VALUES (78,'Pr78Ty1','Pr78Ty1Ga1.jpg',1);
INSERT INTO Gallery(productID,productTypeID,link,status)VALUES (78,'Pr78Ty1','Pr78Ty1Ga2.jpg',1);
INSERT INTO Gallery(productID,productTypeID,link,status)VALUES (78,'Pr78Ty1','Pr78Ty1Ga3.jpg',1);
INSERT INTO Gallery(productID,productTypeID,link,status)VALUES (79,'Pr79Ty1','Pr79Ty1Ga1.jpg',1);
INSERT INTO Gallery(productID,productTypeID,link,status)VALUES (79,'Pr79Ty1','Pr79Ty1Ga2.jpg',1);
INSERT INTO Gallery(productID,productTypeID,link,status)VALUES (79,'Pr79Ty1','Pr79Ty1Ga3.jpg',1);
INSERT INTO Gallery(productID,productTypeID,link,status)VALUES (80,'Pr80Ty1','Pr80Ty1Ga1.jpg',1);
INSERT INTO Gallery(productID,productTypeID,link,status)VALUES (80,'Pr80Ty1','Pr80Ty1Ga2.jpg',1);
INSERT INTO Gallery(productID,productTypeID,link,status)VALUES (80,'Pr80Ty1','Pr80Ty1Ga3.jpg',1);
INSERT INTO Gallery(productID,productTypeID,link,status)VALUES (81,'Pr81Ty1','Pr81Ty1Ga1.jpg',1);
INSERT INTO Gallery(productID,productTypeID,link,status)VALUES (81,'Pr81Ty1','Pr81Ty1Ga2.jpg',1);
INSERT INTO Gallery(productID,productTypeID,link,status)VALUES (81,'Pr81Ty1','Pr81Ty1Ga3.jpg',1);
INSERT INTO Gallery(productID,productTypeID,link,status)VALUES (82,'Pr82Ty1','Pr82Ty1Ga1.jpg',1);
INSERT INTO Gallery(productID,productTypeID,link,status)VALUES (82,'Pr82Ty1','Pr82Ty1Ga2.jpg',1);
INSERT INTO Gallery(productID,productTypeID,link,status)VALUES (83,'Pr83Ty1','Pr83Ty1Ga1.jpg',1);
INSERT INTO Gallery(productID,productTypeID,link,status)VALUES (83,'Pr83Ty1','Pr83Ty1Ga2.jpg',1);
INSERT INTO Gallery(productID,productTypeID,link,status)VALUES (83,'Pr83Ty1','Pr83Ty1Ga3.jpg',1);
INSERT INTO Gallery(productID,productTypeID,link,status)VALUES (84,'Pr84Ty1','Pr84Ty1Ga1.jpg',1);
INSERT INTO Gallery(productID,productTypeID,link,status)VALUES (84,'Pr84Ty1','Pr84Ty1Ga2.jpg',1);
INSERT INTO Gallery(productID,productTypeID,link,status)VALUES (84,'Pr84Ty1','Pr84Ty1Ga3.jpg',1);
INSERT INTO Gallery(productID,productTypeID,link,status)VALUES (85,'Pr85Ty1','Pr85Ty1Ga1.jpg',1);
INSERT INTO Gallery(productID,productTypeID,link,status)VALUES (85,'Pr85Ty1','Pr85Ty1Ga2.jpg',1);
INSERT INTO Gallery(productID,productTypeID,link,status)VALUES (85,'Pr85Ty1','Pr85Ty1Ga3.jpg',1);
INSERT INTO Gallery(productID,productTypeID,link,status)VALUES (86,'Pr86Ty1','Pr86Ty1Ga1.jpg',1);
INSERT INTO Gallery(productID,productTypeID,link,status)VALUES (86,'Pr86Ty1','Pr86Ty1Ga2.jpg',1);
INSERT INTO Gallery(productID,productTypeID,link,status)VALUES (86,'Pr86Ty1','Pr86Ty1Ga3.jpg',1);
INSERT INTO Gallery(productID,productTypeID,link,status)VALUES (87,'Pr87Ty1','Pr87Ty1Ga1.jpg',1);
INSERT INTO Gallery(productID,productTypeID,link,status)VALUES (87,'Pr87Ty1','Pr87Ty1Ga2.jpg',1);
INSERT INTO Gallery(productID,productTypeID,link,status)VALUES (88,'Pr88Ty1','Pr88Ty1Ga1.jpg',1);
INSERT INTO Gallery(productID,productTypeID,link,status)VALUES (88,'Pr88Ty1','Pr88Ty1Ga2.jpg',1);
INSERT INTO Gallery(productID,productTypeID,link,status)VALUES (89,'Pr89Ty1','Pr89Ty1Ga1.jpg',1);
INSERT INTO Gallery(productID,productTypeID,link,status)VALUES (89,'Pr89Ty1','Pr89Ty1Ga2.jpg',1);
INSERT INTO Gallery(productID,productTypeID,link,status)VALUES (89,'Pr89Ty1','Pr89Ty1Ga3.jpg',1);
INSERT INTO Gallery(productID,productTypeID,link,status)VALUES (90,'Pr90Ty1','Pr90Ty1Ga1.jpg',1);


-- Order

INSERT INTO `Order`(userID,orderDate,requiredDate,shippedDate,shipName,shipAddress,shipCity,shipPhone,companyID,shipMoney,paymentMethod,total,state,status)VALUES (1,CURDATE(),CURDATE(),CURDATE(),'Viet','Kim Thanh','Hai Duong',0983586778,1,30000,'COD',20030000, 0, 1);
INSERT INTO `Order`(userID,orderDate,requiredDate,shippedDate,shipName,shipAddress,shipCity,shipPhone,companyID,shipMoney,paymentMethod,total,state,status)VALUES (2,CURDATE(),CURDATE(),CURDATE(),'Thinh','Thach That','Ha Noi',0938693856,2,30000,'COD',730000, 0, 1);
INSERT INTO `Order`(userID,orderDate,requiredDate,shippedDate,shipName,shipAddress,shipCity,shipPhone,companyID,shipMoney,paymentMethod,total,state,status)VALUES (4,CURDATE(),CURDATE(),CURDATE(),'Nam','HN','Ha Noi',0938693856,2,30000,'COD',730000, 0, 1);
INSERT INTO `Order`(userID,orderDate,requiredDate,shippedDate,shipName,shipAddress,shipCity,shipPhone,companyID,shipMoney,paymentMethod,total,state,status)VALUES (4,CURDATE(),CURDATE(),CURDATE(),'Nam','HN','Ha Noi',0938693856,2,31000,'COD',730000, 1, 1);
INSERT INTO `Order`(userID,orderDate,requiredDate,shippedDate,shipName,shipAddress,shipCity,shipPhone,companyID,shipMoney,paymentMethod,total,state,status)VALUES (4,CURDATE(),CURDATE(),CURDATE(),'Nam','HN','Ha Noi',0938693856,2,32000,'COD',730000, 2, 1);
INSERT INTO `Order`(userID,orderDate,requiredDate,shippedDate,shipName,shipAddress,shipCity,shipPhone,companyID,shipMoney,paymentMethod,total,state,status)VALUES (4,CURDATE(),CURDATE(),CURDATE(),'Nam','HN','Ha Noi',0938693856,2,33000,'COD',730000, 3, 1);



-- OrderDetail
INSERT INTO OrderDetail(orderID,productTypeID,productName,price,quantity,status)VALUES (1,'Pr1Ty1','Laptop Acer Nitro 5',20000000,1,1);
INSERT INTO OrderDetail(orderID,productTypeID,productName,price,quantity,status)VALUES (2,'Pr2Ty1','Chuot Logitech M102',700000,1,1);
INSERT INTO OrderDetail(orderID,productTypeID,productName,price,quantity,status)VALUES (3,'Pr25Ty1','Oppo x5',7000000,1,1);
INSERT INTO OrderDetail(orderID,productTypeID,productName,price,quantity,status)VALUES (3,'Pr25Ty2','Oppo x5 2',7000000,2,1);
INSERT INTO OrderDetail(orderID,productTypeID,productName,price,quantity,status)VALUES (4,'Pr25Ty1','Oppo x5',7000000,1,1);
INSERT INTO OrderDetail(orderID,productTypeID,productName,price,quantity,status)VALUES (4,'Pr25Ty2','Oppo x5 2',7000000,2,1);
INSERT INTO OrderDetail(orderID,productTypeID,productName,price,quantity,status)VALUES (5,'Pr25Ty1','Oppo x5',7000000,1,1);
INSERT INTO OrderDetail(orderID,productTypeID,productName,price,quantity,status)VALUES (5,'Pr25Ty2','Oppo x5 2',7000000,2,1);
INSERT INTO OrderDetail(orderID,productTypeID,productName,price,quantity,status)VALUES (6,'Pr25Ty1','Oppo x5',7000000,1,1);
INSERT INTO OrderDetail(orderID,productTypeID,productName,price,quantity,status)VALUES (6,'Pr25Ty2','Oppo x5 2',7000000,2,1);

-- Comment
INSERT INTO Comment(productID,userId,content,rating,status)VALUES(1,1,'Good.',4,1);
INSERT INTO Comment(productID,userId,content,rating,status)VALUES(9,1, 'This product is very good. I lobe this one very much.',5,1);
INSERT INTO Comment(productID,userId,content,rating,status)VALUES(1,4,'ok',5,1);
INSERT INTO Comment(productID,userId,content,rating,status)VALUES(90,1,'this product is not good with me :(',1,1);

